{"type":"FeatureCollection","features":[{"type":"Feature","properties":{"mode":"bus","n":6,"arr":["152","153","494","495","497","949"],"lines":"152, 153, 494, 495, 497, 949"},"geometry":{"type":"LineString","coordinates":[[144.747353,-37.869546],[144.748373,-37.869289],[144.748709,-37.869228],[144.74875,-37.869199],[144.748772,-37.869138],[144.748685,-37.868997],[144.748671,-37.868874],[144.748726,-37.868795],[144.748835,-37.868713],[144.748991,-37.868649],[144.750014,-37.868393],[144.750133,-37.868343],[144.750594,-37.868258],[144.750728,-37.868198],[144.750754,-37.86818],[144.750764,-37.868155],[144.750769,-37.8681],[144.750724,-37.86798],[144.750595,-37.867724],[144.750333,-37.86706],[144.750313,-37.866771],[144.750364,-37.866536],[144.750402,-37.866478],[144.750411,-37.866454],[144.750407,-37.866428],[144.750387,-37.866381],[144.750338,-37.86635],[144.750285,-37.866343],[144.750257,-37.866344],[144.750233,-37.866354],[144.750076,-37.866452],[144.749951,-37.866494],[144.749421,-37.866553]]}},{"type":"Feature","properties":{"mode":"bus","n":6,"arr":["152","153","494","495","497","949"],"lines":"152, 153, 494, 495, 497, 949"},"geometry":{"type":"LineString","coordinates":[[144.745999,-37.867891],[144.745982,-37.868693],[144.746402,-37.869752],[144.746411,-37.869766],[144.746423,-37.869775],[144.74644,-37.869778],[144.746459,-37.869775],[144.747306,-37.869557]]}},{"type":"Feature","properties":{"mode":"bus","n":6,"arr":["160","161","166","167","181","498"],"lines":"160, 161, 166, 167, 181, 498"},"geometry":{"type":"LineString","coordinates":[[144.701075,-37.881641],[144.7011,-37.881645]]}},{"type":"Feature","properties":{"mode":"bus","n":6,"arr":["160","161","166","167","181","498"],"lines":"160, 161, 166, 167, 181, 498"},"geometry":{"type":"LineString","coordinates":[[144.701213,-37.881789],[144.701244,-37.881956],[144.701326,-37.882156],[144.701648,-37.882676],[144.701655,-37.882696],[144.70165,-37.882714],[144.701632,-37.882731],[144.701537,-37.882791],[144.700864,-37.883049],[144.700722,-37.883079]]}},{"type":"Feature","properties":{"mode":"bus","n":6,"arr":["160","161","166","167","181","498"],"lines":"160, 161, 166, 167, 181, 498"},"geometry":{"type":"LineString","coordinates":[[144.700638,-37.88289],[144.700881,-37.882391],[144.701079,-37.882267],[144.701286,-37.882174],[144.701302,-37.882164],[144.70131,-37.882153],[144.701309,-37.882141],[144.7013,-37.882127],[144.701172,-37.881984],[144.701038,-37.881897],[144.700943,-37.881865],[144.700905,-37.881825],[144.700889,-37.881776],[144.700917,-37.881696]]}},{"type":"Feature","properties":{"mode":"bus","n":6,"arr":["160","161","166","167","181","498"],"lines":"160, 161, 166, 167, 181, 498"},"geometry":{"type":"LineString","coordinates":[[144.700675,-37.883075],[144.700636,-37.88304],[144.700621,-37.883019],[144.700618,-37.882996],[144.700625,-37.882931]]}},{"type":"Feature","properties":{"mode":"bus","n":5,"arr":["160","161","166","167","181"],"lines":"160, 161, 166, 167, 181"},"geometry":{"type":"LineString","coordinates":[[144.7011,-37.881645],[144.70119,-37.8817],[144.701213,-37.881789]]}},{"type":"Feature","properties":{"mode":"bus","n":5,"arr":["160","161","166","167","181"],"lines":"160, 161, 166, 167, 181"},"geometry":{"type":"LineString","coordinates":[[144.701318,-37.879348],[144.701225,-37.879729],[144.700983,-37.881356],[144.70099,-37.881494],[144.701075,-37.881641]]}},{"type":"Feature","properties":{"mode":"bus","n":5,"arr":["160","161","166","167","181"],"lines":"160, 161, 166, 167, 181"},"geometry":{"type":"LineString","coordinates":[[144.700917,-37.881696],[144.700922,-37.881301],[144.70112,-37.87988]]}},{"type":"Feature","properties":{"mode":"bus","n":5,"arr":["200","207","302","304","609"],"lines":"200, 207, 302, 304, 609"},"geometry":{"type":"LineString","coordinates":[[145.03621,-37.795337],[145.036185,-37.795294]]}},{"type":"Feature","properties":{"mode":"bus","n":5,"arr":["200","207","302","304","609"],"lines":"200, 207, 302, 304, 609"},"geometry":{"type":"LineString","coordinates":[[145.036283,-37.795159],[145.036347,-37.79516],[145.036378,-37.795165],[145.036404,-37.79518],[145.03647,-37.79524]]}},{"type":"Feature","properties":{"mode":"bus","n":5,"arr":["200","207","302","304","609"],"lines":"200, 207, 302, 304, 609"},"geometry":{"type":"LineString","coordinates":[[145.036387,-37.795379],[145.036332,-37.795385]]}},{"type":"Feature","properties":{"mode":"bus","n":7,"arr":["215","223","406","407","408","409","468"],"lines":"215, 223, 406, 407, 408, 409, 468"},"geometry":{"type":"LineString","coordinates":[[144.886039,-37.772802],[144.886045,-37.772771],[144.886049,-37.772761],[144.886057,-37.772755],[144.886069,-37.772753],[144.886268,-37.772745],[144.886734,-37.772806],[144.88693,-37.772794],[144.887011,-37.772844],[144.887527,-37.773008]]}},{"type":"Feature","properties":{"mode":"bus","n":7,"arr":["215","223","406","407","408","409","468"],"lines":"215, 223, 406, 407, 408, 409, 468"},"geometry":{"type":"LineString","coordinates":[[144.886601,-37.772874],[144.886788,-37.772914],[144.886828,-37.772962],[144.886879,-37.772981],[144.886956,-37.772974],[144.886992,-37.772947],[144.887005,-37.772939],[144.88702,-37.772936],[144.887037,-37.772938],[144.887116,-37.772957],[144.887728,-37.773224],[144.888035,-37.773326],[144.888118,-37.773318],[144.888184,-37.773276],[144.888208,-37.773181],[144.888174,-37.773127],[144.888064,-37.773084],[144.887589,-37.773022]]}},{"type":"Feature","properties":{"mode":"bus","n":12,"arr":["216","400","408","420","422","426","427","428","429","456","471","903"],"lines":"216, 400, 408, 420, 422, 426, 427, 428, 429, 456, 471, 903"},"geometry":{"type":"LineString","coordinates":[[144.833441,-37.787895],[144.83348,-37.787914]]}},{"type":"Feature","properties":{"mode":"bus","n":12,"arr":["216","400","408","420","422","426","427","428","429","456","471","903"],"lines":"216, 400, 408, 420, 422, 426, 427, 428, 429, 456, 471, 903"},"geometry":{"type":"LineString","coordinates":[[144.833653,-37.787846],[144.833655,-37.787839]]}},{"type":"Feature","properties":{"mode":"bus","n":6,"arr":["216","420","422","427","428","471"],"lines":"216, 420, 422, 427, 428, 471"},"geometry":{"type":"LineString","coordinates":[[144.833523,-37.787715],[144.833502,-37.787717]]}},{"type":"Feature","properties":{"mode":"bus","n":6,"arr":["216","420","422","427","428","471"],"lines":"216, 420, 422, 427, 428, 471"},"geometry":{"type":"LineString","coordinates":[[144.83371,-37.787517],[144.833654,-37.787267],[144.833641,-37.78699],[144.833589,-37.786915],[144.833506,-37.786859],[144.833372,-37.786812],[144.832776,-37.78674]]}},{"type":"Feature","properties":{"mode":"bus","n":16,"arr":["216","220","400","408","410","420","422","426","427","428","429","456","471","903","941","SkyBus Sunshine"],"lines":"216, 220, 400, 408, 410, 420, 422, 426, 427, 428, 429, 456, 471, 903, 941, SkyBus Sunshine"},"geometry":{"type":"LineString","coordinates":[[144.833536,-37.787715],[144.833503,-37.787625],[144.833375,-37.787525]]}},{"type":"Feature","properties":{"mode":"bus","n":11,"arr":["216","400","420","422","426","427","428","429","456","471","903"],"lines":"216, 400, 420, 422, 426, 427, 428, 429, 456, 471, 903"},"geometry":{"type":"LineString","coordinates":[[144.833655,-37.787839],[144.83364,-37.787785],[144.833626,-37.78776],[144.833599,-37.787742],[144.833536,-37.787715]]}},{"type":"Feature","properties":{"mode":"bus","n":10,"arr":["220","400","408","410","426","429","456","903","941","SkyBus Sunshine"],"lines":"220, 400, 408, 410, 426, 429, 456, 903, 941, SkyBus Sunshine"},"geometry":{"type":"LineString","coordinates":[[144.832611,-37.786722],[144.832161,-37.786669],[144.832044,-37.786626],[144.831933,-37.786552],[144.831845,-37.786374]]}},{"type":"Feature","properties":{"mode":"bus","n":6,"arr":["246","600","606","922","923","SkyBus Frankston"],"lines":"246, 600, 606, 922, 923, SkyBus Frankston"},"geometry":{"type":"LineString","coordinates":[[144.9825,-37.882163],[144.982522,-37.882149]]}},{"type":"Feature","properties":{"mode":"bus","n":6,"arr":["246","600","606","922","923","SkyBus Frankston"],"lines":"246, 600, 606, 922, 923, SkyBus Frankston"},"geometry":{"type":"LineString","coordinates":[[144.982712,-37.882173],[144.98272,-37.882181]]}},{"type":"Feature","properties":{"mode":"bus","n":6,"arr":["246","600","606","922","923","SkyBus Frankston"],"lines":"246, 600, 606, 922, 923, SkyBus Frankston"},"geometry":{"type":"LineString","coordinates":[[144.982734,-37.882294],[144.982719,-37.882314]]}},{"type":"Feature","properties":{"mode":"bus","n":6,"arr":["246","600","606","922","923","SkyBus Frankston"],"lines":"246, 600, 606, 922, 923, SkyBus Frankston"},"geometry":{"type":"LineString","coordinates":[[144.982521,-37.882344],[144.982499,-37.88233]]}},{"type":"Feature","properties":{"mode":"bus","n":6,"arr":["246","600","606","922","923","SkyBus Frankston"],"lines":"246, 600, 606, 922, 923, SkyBus Frankston"},"geometry":{"type":"LineString","coordinates":[[144.980601,-37.870465],[144.981223,-37.867165]]}},{"type":"Feature","properties":{"mode":"bus","n":5,"arr":["250","350","550","551","561"],"lines":"250, 350, 550, 551, 561"},"geometry":{"type":"LineString","coordinates":[[145.048701,-37.724983],[145.048931,-37.725168],[145.049165,-37.72528],[145.049422,-37.725375],[145.049717,-37.725444],[145.050026,-37.725468],[145.051138,-37.725445],[145.051155,-37.725442],[145.051167,-37.725434],[145.051174,-37.725421],[145.051186,-37.725378],[145.051247,-37.725315],[145.051353,-37.72528],[145.051466,-37.725292],[145.051577,-37.725383],[145.051589,-37.725479],[145.0514,-37.725752],[145.051392,-37.725761],[145.051386,-37.725766],[145.051382,-37.725765],[145.051379,-37.725759],[145.051378,-37.725747],[145.051375,-37.725683],[145.051313,-37.725606],[145.051237,-37.72557],[145.051185,-37.725513],[145.051168,-37.725444]]}},{"type":"Feature","properties":{"mode":"bus","n":5,"arr":["250","350","550","551","561"],"lines":"250, 350, 550, 551, 561"},"geometry":{"type":"LineString","coordinates":[[145.046408,-37.720668],[145.046419,-37.721895],[145.046469,-37.722038],[145.04655,-37.722114],[145.046668,-37.722183],[145.047041,-37.722277],[145.047193,-37.722286],[145.047722,-37.722219],[145.048296,-37.722207],[145.048406,-37.72218],[145.0486,-37.722221],[145.048666,-37.722299],[145.048659,-37.722352],[145.04854,-37.722447],[145.048447,-37.72268],[145.048439,-37.723161],[145.048366,-37.723446],[145.04828,-37.723648],[145.048261,-37.723795],[145.048276,-37.723893],[145.048275,-37.723915],[145.048263,-37.723932],[145.048241,-37.723944],[145.048037,-37.72402],[145.047994,-37.724059],[145.047953,-37.724171],[145.04795,-37.724204],[145.047968,-37.724234],[145.048673,-37.724955],[145.048681,-37.724963],[145.048685,-37.724967],[145.048686,-37.724969],[145.048684,-37.724968],[145.048678,-37.724964],[145.048669,-37.724957],[145.048412,-37.724751],[145.048216,-37.724637],[145.048039,-37.724571],[145.047795,-37.72452],[145.047635,-37.724447],[145.047517,-37.724447],[145.047405,-37.724417],[145.047286,-37.724338],[145.047238,-37.724273],[145.047212,-37.724125],[145.047256,-37.724017],[145.04731,-37.723959],[145.047463,-37.723883],[145.047779,-37.723869],[145.047915,-37.72382],[145.048138,-37.723644],[145.048371,-37.723364]]}},{"type":"Feature","properties":{"mode":"bus","n":5,"arr":["250","350","550","551","561"],"lines":"250, 350, 550, 551, 561"},"geometry":{"type":"LineString","coordinates":[[145.048447,-37.72268],[145.048371,-37.722446],[145.048263,-37.722381],[145.048229,-37.722315],[145.048086,-37.722249],[145.047863,-37.722211]]}},{"type":"Feature","properties":{"mode":"bus","n":5,"arr":["250","350","550","551","561"],"lines":"250, 350, 550, 551, 561"},"geometry":{"type":"LineString","coordinates":[[145.051379,-37.725782],[145.051313,-37.725975],[145.051191,-37.726201],[145.050774,-37.726846]]}},{"type":"Feature","properties":{"mode":"bus","n":6,"arr":["250","301","350","550","551","561"],"lines":"250, 301, 350, 550, 551, 561"},"geometry":{"type":"LineString","coordinates":[[145.046079,-37.718244],[145.046101,-37.718245],[145.046112,-37.718247],[145.04612,-37.718252],[145.046194,-37.718327],[145.046331,-37.71851],[145.046375,-37.718715],[145.046378,-37.718724],[145.046381,-37.71873],[145.046385,-37.718733],[145.046389,-37.718731],[145.046393,-37.718725],[145.046397,-37.718716],[145.046432,-37.718633],[145.046419,-37.718494],[145.046296,-37.718247],[145.046218,-37.718174],[145.04621,-37.718128],[145.046201,-37.718106],[145.046181,-37.718089],[145.046127,-37.718058]]}},{"type":"Feature","properties":{"mode":"bus","n":6,"arr":["250","301","350","550","551","561"],"lines":"250, 301, 350, 550, 551, 561"},"geometry":{"type":"LineString","coordinates":[[145.045986,-37.718123],[145.045983,-37.718134]]}},{"type":"Feature","properties":{"mode":"bus","n":6,"arr":["250","301","350","550","551","561"],"lines":"250, 301, 350, 550, 551, 561"},"geometry":{"type":"LineString","coordinates":[[145.046383,-37.71875],[145.046408,-37.720668]]}},{"type":"Feature","properties":{"mode":"bus","n":7,"arr":["250","301","350","548","550","551","561"],"lines":"250, 301, 350, 548, 550, 551, 561"},"geometry":{"type":"LineString","coordinates":[[145.046127,-37.718058],[145.046104,-37.718056]]}},{"type":"Feature","properties":{"mode":"bus","n":5,"arr":["356","357","556","577","901"],"lines":"356, 357, 556, 577, 901"},"geometry":{"type":"LineString","coordinates":[[145.030061,-37.649019],[145.030026,-37.649036],[145.029922,-37.649306],[145.029833,-37.649864],[145.029856,-37.650036],[145.029896,-37.650073],[145.029902,-37.650109],[145.0299,-37.650127],[145.02989,-37.650143],[145.029835,-37.650197],[145.029767,-37.650342],[145.029762,-37.650352],[145.029757,-37.650357],[145.029753,-37.650359],[145.02975,-37.650356],[145.029747,-37.65035],[145.029745,-37.65034],[145.029719,-37.650185],[145.029681,-37.650144],[145.02968,-37.650106],[145.029684,-37.650087],[145.029698,-37.65007],[145.029758,-37.650023],[145.029833,-37.649864]]}},{"type":"Feature","properties":{"mode":"bus","n":5,"arr":["356","357","556","577","901"],"lines":"356, 357, 556, 577, 901"},"geometry":{"type":"LineString","coordinates":[[145.030078,-37.648891],[145.030091,-37.648908]]}},{"type":"Feature","properties":{"mode":"bus","n":5,"arr":["356","357","556","577","901"],"lines":"356, 357, 556, 577, 901"},"geometry":{"type":"LineString","coordinates":[[145.029922,-37.649306],[145.02992,-37.649084],[145.029861,-37.648959],[145.029905,-37.648873]]}},{"type":"Feature","properties":{"mode":"bus","n":5,"arr":["356","357","556","577","901"],"lines":"356, 357, 556, 577, 901"},"geometry":{"type":"LineString","coordinates":[[145.030456,-37.644951],[145.030545,-37.644912],[145.030585,-37.644903],[145.030625,-37.644911],[145.030717,-37.644948]]}},{"type":"Feature","properties":{"mode":"bus","n":5,"arr":["356","357","556","577","901"],"lines":"356, 357, 556, 577, 901"},"geometry":{"type":"LineString","coordinates":[[145.030709,-37.645095],[145.030682,-37.645116]]}},{"type":"Feature","properties":{"mode":"bus","n":5,"arr":["356","357","556","577","901"],"lines":"356, 357, 556, 577, 901"},"geometry":{"type":"LineString","coordinates":[[145.030491,-37.645115],[145.03047,-37.645099]]}},{"type":"Feature","properties":{"mode":"bus","n":5,"arr":["356","357","556","577","901"],"lines":"356, 357, 556, 577, 901"},"geometry":{"type":"LineString","coordinates":[[145.031747,-37.652644],[145.031718,-37.652724]]}},{"type":"Feature","properties":{"mode":"bus","n":5,"arr":["356","357","556","577","901"],"lines":"356, 357, 556, 577, 901"},"geometry":{"type":"LineString","coordinates":[[145.029455,-37.652223],[145.029751,-37.650376]]}},{"type":"Feature","properties":{"mode":"bus","n":7,"arr":["357","358","555","556","569","577","901"],"lines":"357, 358, 555, 556, 569, 577, 901"},"geometry":{"type":"LineString","coordinates":[[145.015735,-37.652045],[145.015648,-37.652543],[145.015602,-37.652713],[145.015552,-37.652787],[145.015567,-37.65284],[145.015581,-37.652864],[145.015607,-37.652882],[145.01567,-37.652908],[145.015701,-37.652916],[145.015732,-37.652912],[145.015792,-37.652896],[145.015847,-37.652824],[145.015805,-37.652567],[145.015892,-37.652101],[145.015901,-37.652081],[145.015918,-37.652071],[145.015944,-37.652069],[145.017194,-37.652184],[145.018174,-37.6523]]}},{"type":"Feature","properties":{"mode":"bus","n":7,"arr":["357","358","555","556","569","577","901"],"lines":"357, 358, 555, 556, 569, 577, 901"},"geometry":{"type":"LineString","coordinates":[[145.018708,-37.652246],[145.018564,-37.652313],[145.01845,-37.652331]]}},{"type":"Feature","properties":{"mode":"bus","n":7,"arr":["357","358","555","556","569","577","901"],"lines":"357, 358, 555, 556, 569, 577, 901"},"geometry":{"type":"LineString","coordinates":[[145.019248,-37.651445],[145.022466,-37.651747]]}},{"type":"Feature","properties":{"mode":"bus","n":7,"arr":["357","358","555","556","569","577","901"],"lines":"357, 358, 555, 556, 569, 577, 901"},"geometry":{"type":"LineString","coordinates":[[145.023153,-37.651917],[145.022097,-37.651876],[145.021445,-37.651823],[145.019318,-37.651593]]}},{"type":"Feature","properties":{"mode":"bus","n":11,"arr":["400","408","420","422","426","427","428","429","456","471","903"],"lines":"400, 408, 420, 422, 426, 427, 428, 429, 456, 471, 903"},"geometry":{"type":"LineString","coordinates":[[144.83348,-37.787914],[144.833549,-37.787911],[144.833583,-37.787905],[144.833609,-37.787888],[144.833653,-37.787846]]}},{"type":"Feature","properties":{"mode":"bus","n":11,"arr":["400","408","420","422","426","427","428","429","456","471","903"],"lines":"400, 408, 420, 422, 426, 427, 428, 429, 456, 471, 903"},"geometry":{"type":"LineString","coordinates":[[144.831706,-37.788748],[144.83179,-37.788481],[144.832195,-37.7878],[144.832359,-37.787631],[144.832702,-37.787562],[144.833101,-37.787595],[144.83325,-37.787706],[144.833441,-37.787895]]}},{"type":"Feature","properties":{"mode":"bus","n":11,"arr":["400","408","420","422","426","427","428","429","456","471","903"],"lines":"400, 408, 420, 422, 426, 427, 428, 429, 456, 471, 903"},"geometry":{"type":"LineString","coordinates":[[144.831477,-37.788734],[144.831492,-37.788748]]}},{"type":"Feature","properties":{"mode":"bus","n":11,"arr":["400","408","420","422","426","427","428","429","456","471","903"],"lines":"400, 408, 420, 422, 426, 427, 428, 429, 456, 471, 903"},"geometry":{"type":"LineString","coordinates":[[144.832054,-37.787857],[144.831723,-37.788389],[144.831518,-37.788577]]}},{"type":"Feature","properties":{"mode":"bus","n":8,"arr":["400","408","420","422","426","427","456","471"],"lines":"400, 408, 420, 422, 426, 427, 456, 471"},"geometry":{"type":"LineString","coordinates":[[144.831492,-37.788748],[144.831562,-37.788773],[144.831599,-37.788779],[144.831636,-37.788773],[144.831706,-37.788748]]}},{"type":"Feature","properties":{"mode":"bus","n":7,"arr":["400","420","422","426","427","456","471"],"lines":"400, 420, 422, 426, 427, 456, 471"},"geometry":{"type":"LineString","coordinates":[[144.826894,-37.787965],[144.831054,-37.788462],[144.831159,-37.788498],[144.831328,-37.78866],[144.831477,-37.788734]]}},{"type":"Feature","properties":{"mode":"bus","n":7,"arr":["400","420","422","426","427","456","471"],"lines":"400, 420, 422, 426, 427, 456, 471"},"geometry":{"type":"LineString","coordinates":[[144.831518,-37.788577],[144.831299,-37.788506],[144.831149,-37.788328]]}},{"type":"Feature","properties":{"mode":"bus","n":6,"arr":["400","408","426","429","456","903"],"lines":"400, 408, 426, 429, 456, 903"},"geometry":{"type":"LineString","coordinates":[[144.831743,-37.786341],[144.8317,-37.786369],[144.831685,-37.786384],[144.831679,-37.786403],[144.831679,-37.78642],[144.831683,-37.786439],[144.831699,-37.786453],[144.831822,-37.786526],[144.831973,-37.786688],[144.832159,-37.786957],[144.832215,-37.787108],[144.832239,-37.787284],[144.832226,-37.787425],[144.832054,-37.787857]]}},{"type":"Feature","properties":{"mode":"bus","n":7,"arr":["400","408","426","429","456","903","SkyBus Sunshine"],"lines":"400, 408, 426, 429, 456, 903, SkyBus Sunshine"},"geometry":{"type":"LineString","coordinates":[[144.831748,-37.78634],[144.831743,-37.786341]]}},{"type":"Feature","properties":{"mode":"bus","n":5,"arr":["400","426","429","456","SkyBus Sunshine"],"lines":"400, 426, 429, 456, SkyBus Sunshine"},"geometry":{"type":"LineString","coordinates":[[144.831845,-37.786374],[144.831748,-37.78634]]}},{"type":"Feature","properties":{"mode":"bus","n":5,"arr":["405","420","422","423","424"],"lines":"405, 420, 422, 423, 424"},"geometry":{"type":"LineString","coordinates":[[144.772867,-37.752095],[144.772815,-37.752113],[144.772787,-37.752118],[144.772759,-37.752113],[144.772694,-37.752088]]}},{"type":"Feature","properties":{"mode":"bus","n":5,"arr":["405","420","422","423","424"],"lines":"405, 420, 422, 423, 424"},"geometry":{"type":"LineString","coordinates":[[144.772707,-37.751967],[144.772792,-37.751943]]}},{"type":"Feature","properties":{"mode":"bus","n":5,"arr":["405","420","422","423","424"],"lines":"405, 420, 422, 423, 424"},"geometry":{"type":"LineString","coordinates":[[144.772863,-37.751968],[144.772869,-37.751972]]}},{"type":"Feature","properties":{"mode":"bus","n":5,"arr":["411","412","496","498","949"],"lines":"411, 412, 496, 498, 949"},"geometry":{"type":"LineString","coordinates":[[144.777454,-37.871482],[144.777515,-37.871449]]}},{"type":"Feature","properties":{"mode":"bus","n":5,"arr":["411","412","496","498","949"],"lines":"411, 412, 496, 498, 949"},"geometry":{"type":"LineString","coordinates":[[144.777707,-37.871477],[144.777744,-37.871543],[144.777753,-37.871576],[144.777745,-37.871609],[144.77771,-37.871678]]}},{"type":"Feature","properties":{"mode":"bus","n":6,"arr":["411","412","415","496","498","949"],"lines":"411, 412, 415, 496, 498, 949"},"geometry":{"type":"LineString","coordinates":[[144.777867,-37.868725],[144.777859,-37.868718]]}},{"type":"Feature","properties":{"mode":"bus","n":6,"arr":["411","412","415","496","498","949"],"lines":"411, 412, 415, 496, 498, 949"},"geometry":{"type":"LineString","coordinates":[[144.777989,-37.868724],[144.777965,-37.868738]]}},{"type":"Feature","properties":{"mode":"bus","n":5,"arr":["411","412","415","496","498"],"lines":"411, 412, 415, 496, 498"},"geometry":{"type":"LineString","coordinates":[[144.777859,-37.868718],[144.777849,-37.868651],[144.777964,-37.868446]]}},{"type":"Feature","properties":{"mode":"bus","n":5,"arr":["411","412","415","496","498"],"lines":"411, 412, 415, 496, 498"},"geometry":{"type":"LineString","coordinates":[[144.778322,-37.865774],[144.778295,-37.865548],[144.778266,-37.86549],[144.778382,-37.865236]]}},{"type":"Feature","properties":{"mode":"bus","n":5,"arr":["411","412","415","496","498"],"lines":"411, 412, 415, 496, 498"},"geometry":{"type":"LineString","coordinates":[[144.778691,-37.862921],[144.778616,-37.862729],[144.778604,-37.862711],[144.778584,-37.862701],[144.778558,-37.8627],[144.778302,-37.862727]]}},{"type":"Feature","properties":{"mode":"bus","n":5,"arr":["411","412","415","496","498"],"lines":"411, 412, 415, 496, 498"},"geometry":{"type":"LineString","coordinates":[[144.774348,-37.863733],[144.774019,-37.863905],[144.773832,-37.863899],[144.773609,-37.863926]]}},{"type":"Feature","properties":{"mode":"bus","n":5,"arr":["411","412","415","496","498"],"lines":"411, 412, 415, 496, 498"},"geometry":{"type":"LineString","coordinates":[[144.770529,-37.864434],[144.770029,-37.864578],[144.770012,-37.864586],[144.77,-37.864597],[144.769994,-37.864611],[144.769984,-37.864657],[144.770041,-37.864807],[144.770049,-37.864821],[144.770062,-37.86483],[144.770078,-37.864833],[144.770097,-37.86483],[144.773609,-37.863926],[144.773951,-37.863767],[144.774348,-37.863733],[144.775207,-37.863521],[144.778302,-37.862727],[144.778627,-37.862576],[144.778686,-37.86258],[144.778712,-37.862587],[144.77873,-37.862603],[144.778756,-37.862641],[144.778691,-37.862921],[144.778382,-37.865236],[144.778445,-37.86551],[144.778322,-37.865774],[144.777964,-37.868446],[144.778,-37.868643]]}},{"type":"Feature","properties":{"mode":"bus","n":5,"arr":["411","412","415","496","498"],"lines":"411, 412, 415, 496, 498"},"geometry":{"type":"LineString","coordinates":[[144.771116,-37.86456],[144.771023,-37.864385],[144.77099,-37.864359],[144.77097,-37.86435],[144.770948,-37.86435],[144.770618,-37.864412]]}},{"type":"Feature","properties":{"mode":"bus","n":5,"arr":["419","420","421","461","941"],"lines":"419, 420, 421, 461, 941"},"geometry":{"type":"LineString","coordinates":[[144.776003,-37.703064],[144.775919,-37.703008],[144.775761,-37.702702],[144.774691,-37.70131]]}},{"type":"Feature","properties":{"mode":"bus","n":10,"arr":["419","421","425","460","461","462","463","476","941","943"],"lines":"419, 421, 425, 460, 461, 462, 463, 476, 941, 943"},"geometry":{"type":"LineString","coordinates":[[144.773633,-37.700011],[144.773266,-37.699512],[144.772252,-37.698237],[144.772108,-37.698139],[144.77197,-37.698098],[144.771915,-37.698054],[144.771913,-37.697962],[144.771967,-37.697915],[144.77204,-37.697901]]}},{"type":"Feature","properties":{"mode":"bus","n":9,"arr":["419","421","425","460","461","462","463","476","943"],"lines":"419, 421, 425, 460, 461, 462, 463, 476, 943"},"geometry":{"type":"LineString","coordinates":[[144.772165,-37.69799],[144.772252,-37.698237]]}},{"type":"Feature","properties":{"mode":"bus","n":9,"arr":["419","421","425","460","461","462","463","476","943"],"lines":"419, 421, 425, 460, 461, 462, 463, 476, 943"},"geometry":{"type":"LineString","coordinates":[[144.774156,-37.700568],[144.773667,-37.69994],[144.773396,-37.699625],[144.773266,-37.699512]]}},{"type":"Feature","properties":{"mode":"bus","n":7,"arr":["421","425","460","462","463","476","943"],"lines":"421, 425, 460, 462, 463, 476, 943"},"geometry":{"type":"LineString","coordinates":[[144.774483,-37.696219],[144.774406,-37.696472],[144.774402,-37.69663],[144.77451,-37.696849],[144.774565,-37.696899],[144.774573,-37.696954],[144.774545,-37.697004],[144.77445,-37.697043],[144.774361,-37.697022],[144.77422,-37.697025],[144.773977,-37.697091],[144.772728,-37.697659],[144.772258,-37.697894],[144.772165,-37.69799]]}},{"type":"Feature","properties":{"mode":"bus","n":8,"arr":["421","425","460","462","463","476","941","943"],"lines":"421, 425, 460, 462, 463, 476, 941, 943"},"geometry":{"type":"LineString","coordinates":[[144.77204,-37.697901],[144.77224,-37.697832],[144.773839,-37.697053],[144.774321,-37.696895]]}},{"type":"Feature","properties":{"mode":"bus","n":6,"arr":["453","454","455","458","459","943"],"lines":"453, 454, 455, 458, 459, 943"},"geometry":{"type":"LineString","coordinates":[[144.564979,-37.701779],[144.568095,-37.70214],[144.56911,-37.702228],[144.569122,-37.702228],[144.569132,-37.702224],[144.569139,-37.702216],[144.569148,-37.702205],[144.569159,-37.702194],[144.569176,-37.702188],[144.569193,-37.702185],[144.569206,-37.702185],[144.569216,-37.702188],[144.569224,-37.702195],[144.569264,-37.702242],[144.570085,-37.70237],[144.572957,-37.70271]]}},{"type":"Feature","properties":{"mode":"bus","n":5,"arr":["453","454","455","458","459"],"lines":"453, 454, 455, 458, 459"},"geometry":{"type":"LineString","coordinates":[[144.569264,-37.702242],[144.569218,-37.702275],[144.569206,-37.702281],[144.569194,-37.702282],[144.56918,-37.702279],[144.569157,-37.70227],[144.569145,-37.702263],[144.569138,-37.702253],[144.56913,-37.70223]]}},{"type":"Feature","properties":{"mode":"bus","n":7,"arr":["453","454","455","457","458","459","943"],"lines":"453, 454, 455, 457, 458, 459, 943"},"geometry":{"type":"LineString","coordinates":[[144.564773,-37.701673],[144.564724,-37.701729],[144.564727,-37.701794],[144.564774,-37.701844],[144.564823,-37.701856],[144.564848,-37.701858],[144.564873,-37.701851],[144.564936,-37.701824],[144.564958,-37.701809],[144.564969,-37.701788],[144.564981,-37.701744],[144.56494,-37.701682]]}},{"type":"Feature","properties":{"mode":"bus","n":5,"arr":["453","454","455","458","943"],"lines":"453, 454, 455, 458, 943"},"geometry":{"type":"LineString","coordinates":[[144.56494,-37.701682],[144.564859,-37.701654],[144.564773,-37.701673]]}},{"type":"Feature","properties":{"mode":"bus","n":5,"arr":["453","455","456","457","458"],"lines":"453, 455, 456, 457, 458"},"geometry":{"type":"LineString","coordinates":[[144.582984,-37.682001],[144.583077,-37.681961],[144.583109,-37.681911],[144.583099,-37.681835],[144.583043,-37.681785],[144.582957,-37.681768],[144.582885,-37.681786],[144.582826,-37.681841],[144.582816,-37.681887],[144.582861,-37.681955],[144.582884,-37.681976],[144.582916,-37.681988],[144.582947,-37.681994],[144.582968,-37.682001],[144.582982,-37.682013],[144.582988,-37.682031],[144.583034,-37.682386]]}},{"type":"Feature","properties":{"mode":"bus","n":5,"arr":["453","455","456","457","458"],"lines":"453, 455, 456, 457, 458"},"geometry":{"type":"LineString","coordinates":[[144.568117,-37.684386],[144.566652,-37.684472]]}},{"type":"Feature","properties":{"mode":"bus","n":5,"arr":["453","455","456","457","458"],"lines":"453, 455, 456, 457, 458"},"geometry":{"type":"LineString","coordinates":[[144.566581,-37.684388],[144.56814,-37.684255]]}},{"type":"Feature","properties":{"mode":"bus","n":5,"arr":["453","455","456","457","458"],"lines":"453, 455, 456, 457, 458"},"geometry":{"type":"LineString","coordinates":[[144.564323,-37.684744],[144.564279,-37.684694],[144.564277,-37.684509]]}},{"type":"Feature","properties":{"mode":"bus","n":6,"arr":["469","476","477","483","503","959"],"lines":"469, 476, 477, 483, 503, 959"},"geometry":{"type":"LineString","coordinates":[[144.917775,-37.754961],[144.917539,-37.754769]]}},{"type":"Feature","properties":{"mode":"bus","n":5,"arr":["469","476","477","483","503"],"lines":"469, 476, 477, 483, 503"},"geometry":{"type":"LineString","coordinates":[[144.917822,-37.755084],[144.917775,-37.754961]]}},{"type":"Feature","properties":{"mode":"bus","n":7,"arr":["469","476","477","483","503","510","959"],"lines":"469, 476, 477, 483, 503, 510, 959"},"geometry":{"type":"LineString","coordinates":[[144.917425,-37.755323],[144.917465,-37.755364],[144.917547,-37.75539],[144.917675,-37.755357],[144.917822,-37.755176],[144.917822,-37.755084]]}},{"type":"Feature","properties":{"mode":"bus","n":8,"arr":["469","476","477","483","503","510","903","959"],"lines":"469, 476, 477, 483, 503, 510, 903, 959"},"geometry":{"type":"LineString","coordinates":[[144.917413,-37.755306],[144.917425,-37.755323]]}},{"type":"Feature","properties":{"mode":"bus","n":7,"arr":["469","476","477","483","503","903","959"],"lines":"469, 476, 477, 483, 503, 903, 959"},"geometry":{"type":"LineString","coordinates":[[144.917336,-37.755126],[144.917413,-37.755306]]}},{"type":"Feature","properties":{"mode":"bus","n":5,"arr":["477","478","479","902","959"],"lines":"477, 478, 479, 902, 959"},"geometry":{"type":"LineString","coordinates":[[144.880181,-37.699583],[144.880117,-37.699524]]}},{"type":"Feature","properties":{"mode":"bus","n":5,"arr":["477","478","479","902","959"],"lines":"477, 478, 479, 902, 959"},"geometry":{"type":"LineString","coordinates":[[144.880473,-37.699396],[144.880522,-37.699508]]}},{"type":"Feature","properties":{"mode":"bus","n":6,"arr":["484","541","542","543","544","901"],"lines":"484, 541, 542, 543, 544, 901"},"geometry":{"type":"LineString","coordinates":[[144.931361,-37.640815],[144.931453,-37.64038],[144.931425,-37.640215],[144.931443,-37.640184],[144.931456,-37.64017],[144.931475,-37.640161],[144.93156,-37.640139],[144.931823,-37.640214],[144.932622,-37.640295],[144.932743,-37.640284],[144.932834,-37.64024],[144.933376,-37.639809],[144.933491,-37.639707],[144.933647,-37.639471],[144.933998,-37.639178],[144.934159,-37.639013],[144.934266,-37.638955]]}},{"type":"Feature","properties":{"mode":"bus","n":6,"arr":["484","541","542","543","544","901"],"lines":"484, 541, 542, 543, 544, 901"},"geometry":{"type":"LineString","coordinates":[[144.934873,-37.63909],[144.935017,-37.638395],[144.935032,-37.638255],[144.93502,-37.638228],[144.93501,-37.638216],[144.934995,-37.638209],[144.934812,-37.638156],[144.934481,-37.63813],[144.934369,-37.638103],[144.934349,-37.638101],[144.934334,-37.638104],[144.934324,-37.638114],[144.934319,-37.638129],[144.934199,-37.638792],[144.934208,-37.638883],[144.934291,-37.638982],[144.934481,-37.639093],[144.934784,-37.639152],[144.934837,-37.639149],[144.934848,-37.639146],[144.934856,-37.639139],[144.934867,-37.639122]]}},{"type":"Feature","properties":{"mode":"bus","n":5,"arr":["484","541","542","543","901"],"lines":"484, 541, 542, 543, 901"},"geometry":{"type":"LineString","coordinates":[[144.931442,-37.640977],[144.931566,-37.640348],[144.931634,-37.640273],[144.931823,-37.640214]]}},{"type":"Feature","properties":{"mode":"bus","n":9,"arr":["501","511","525","528","529","532","533","537","544"],"lines":"501, 511, 525, 528, 529, 532, 533, 537, 544"},"geometry":{"type":"LineString","coordinates":[[144.94292,-37.601776],[144.942617,-37.601701],[144.942599,-37.601694],[144.942589,-37.601684],[144.942585,-37.601672],[144.942589,-37.601656],[144.942886,-37.600993],[144.943006,-37.600638],[144.943188,-37.600403]]}},{"type":"Feature","properties":{"mode":"bus","n":9,"arr":["501","511","525","528","529","532","533","537","544"],"lines":"501, 511, 525, 528, 529, 532, 533, 537, 544"},"geometry":{"type":"LineString","coordinates":[[144.943415,-37.600394],[144.943452,-37.600476],[144.943405,-37.600618],[144.943419,-37.6008]]}},{"type":"Feature","properties":{"mode":"bus","n":9,"arr":["501","511","525","528","529","532","533","537","544"],"lines":"501, 511, 525, 528, 529, 532, 533, 537, 544"},"geometry":{"type":"LineString","coordinates":[[144.943432,-37.601],[144.943398,-37.601087],[144.94331,-37.601188]]}},{"type":"Feature","properties":{"mode":"bus","n":5,"arr":["600","606","630","922","923"],"lines":"600, 606, 630, 922, 923"},"geometry":{"type":"LineString","coordinates":[[144.991491,-37.887794],[144.991469,-37.887799]]}},{"type":"Feature","properties":{"mode":"bus","n":8,"arr":["623","624","767","800","802","804","862","903"],"lines":"623, 624, 767, 800, 802, 804, 862, 903"},"geometry":{"type":"LineString","coordinates":[[145.083807,-37.888417],[145.084197,-37.888505],[145.084418,-37.888603],[145.084633,-37.888636],[145.085554,-37.888753],[145.085703,-37.888748],[145.085782,-37.888709],[145.085857,-37.888571],[145.085943,-37.888008],[145.085852,-37.887794],[145.085849,-37.887767],[145.085864,-37.887743],[145.085909,-37.887701],[145.085956,-37.887602],[145.086013,-37.887571],[145.086053,-37.887481],[145.086156,-37.886943],[145.086155,-37.88692],[145.086142,-37.886899],[145.086107,-37.886863],[145.086118,-37.886768],[145.086202,-37.886597],[145.086217,-37.886579],[145.086237,-37.88657],[145.086264,-37.88657],[145.087719,-37.886784],[145.089313,-37.886983]]}},{"type":"Feature","properties":{"mode":"bus","n":8,"arr":["623","624","767","800","802","804","862","903"],"lines":"623, 624, 767, 800, 802, 804, 862, 903"},"geometry":{"type":"LineString","coordinates":[[145.089519,-37.887004],[145.08949,-37.887145]]}},{"type":"Feature","properties":{"mode":"bus","n":7,"arr":["623","624","767","802","804","862","903"],"lines":"623, 624, 767, 802, 804, 862, 903"},"geometry":{"type":"LineString","coordinates":[[145.086013,-37.887571],[145.086035,-37.887774],[145.086,-37.887833],[145.085989,-37.88794],[145.085943,-37.888008]]}},{"type":"Feature","properties":{"mode":"bus","n":7,"arr":["623","624","767","802","804","862","903"],"lines":"623, 624, 767, 802, 804, 862, 903"},"geometry":{"type":"LineString","coordinates":[[145.089289,-37.887118],[145.087698,-37.886932],[145.086318,-37.886707],[145.086292,-37.886707],[145.086273,-37.886716],[145.086262,-37.886735],[145.086222,-37.88687],[145.086161,-37.886919]]}},{"type":"Feature","properties":{"mode":"bus","n":7,"arr":["623","624","767","802","804","862","903"],"lines":"623, 624, 767, 802, 804, 862, 903"},"geometry":{"type":"LineString","coordinates":[[145.084418,-37.888603],[145.084287,-37.888618],[145.083333,-37.8885]]}},{"type":"Feature","properties":{"mode":"bus","n":7,"arr":["742","800","802","804","862","900","903"],"lines":"742, 800, 802, 804, 862, 900, 903"},"geometry":{"type":"LineString","coordinates":[[145.087666,-37.89943],[145.087617,-37.89942],[145.087516,-37.899341],[145.087277,-37.899277],[145.0871,-37.899191],[145.087046,-37.899126],[145.08724,-37.897891],[145.087306,-37.897812]]}},{"type":"Feature","properties":{"mode":"bus","n":7,"arr":["742","800","802","804","862","900","903"],"lines":"742, 800, 802, 804, 862, 900, 903"},"geometry":{"type":"LineString","coordinates":[[145.087872,-37.898458],[145.087672,-37.898387],[145.087642,-37.898369],[145.087627,-37.898343],[145.087611,-37.898285],[145.087435,-37.898024]]}},{"type":"Feature","properties":{"mode":"bus","n":10,"arr":["624","693","704","742","800","802","804","862","900","903"],"lines":"624, 693, 704, 742, 800, 802, 804, 862, 900, 903"},"geometry":{"type":"LineString","coordinates":[[145.087948,-37.899253],[145.087709,-37.899226],[145.087613,-37.899268],[145.087597,-37.899277],[145.087589,-37.899288],[145.08759,-37.899301],[145.087599,-37.899315],[145.087665,-37.899391],[145.087666,-37.89943],[145.087821,-37.899548]]}},{"type":"Feature","properties":{"mode":"bus","n":9,"arr":["624","693","704","742","800","802","804","862","900"],"lines":"624, 693, 704, 742, 800, 802, 804, 862, 900"},"geometry":{"type":"LineString","coordinates":[[145.087821,-37.899548],[145.08824,-37.899868],[145.088495,-37.899976],[145.088558,-37.899961],[145.088591,-37.899959],[145.088622,-37.899968],[145.088683,-37.899999]]}},{"type":"Feature","properties":{"mode":"bus","n":6,"arr":["742","800","802","804","862","900"],"lines":"742, 800, 802, 804, 862, 900"},"geometry":{"type":"LineString","coordinates":[[145.088647,-37.900134],[145.088564,-37.900152],[145.088487,-37.900123],[145.08845,-37.900047],[145.08824,-37.899868]]}},{"type":"Feature","properties":{"mode":"bus","n":6,"arr":["742","800","802","804","862","900"],"lines":"742, 800, 802, 804, 862, 900"},"geometry":{"type":"LineString","coordinates":[[145.088848,-37.90024],[145.090701,-37.90159],[145.091651,-37.901716]]}},{"type":"Feature","properties":{"mode":"bus","n":5,"arr":["626","703","811","812","922"],"lines":"626, 703, 811, 812, 922"},"geometry":{"type":"LineString","coordinates":[[145.001208,-37.912748],[145.001051,-37.912927],[144.99691,-37.915792],[144.996719,-37.915883],[144.996636,-37.915892],[144.996604,-37.915924],[144.996605,-37.915976],[144.996509,-37.916073],[144.995662,-37.916671]]}},{"type":"Feature","properties":{"mode":"bus","n":5,"arr":["626","703","811","812","922"],"lines":"626, 703, 811, 812, 922"},"geometry":{"type":"LineString","coordinates":[[144.9973,-37.909298],[144.997331,-37.9093]]}},{"type":"Feature","properties":{"mode":"bus","n":5,"arr":["626","703","823","922","SkyBus Frankston"],"lines":"626, 703, 823, 922, SkyBus Frankston"},"geometry":{"type":"LineString","coordinates":[[145.0016,-37.905467],[145.001655,-37.905433]]}},{"type":"Feature","properties":{"mode":"bus","n":7,"arr":["663","670","677","679","680","685","965"],"lines":"663, 670, 677, 679, 680, 685, 965"},"geometry":{"type":"LineString","coordinates":[[145.345916,-37.756739],[145.345799,-37.756874],[145.345043,-37.757548],[145.345029,-37.757692],[145.345048,-37.757724],[145.345061,-37.757739],[145.345082,-37.757746],[145.345413,-37.757797],[145.345556,-37.757761],[145.345643,-37.75769],[145.346284,-37.757076],[145.346554,-37.75677]]}},{"type":"Feature","properties":{"mode":"bus","n":7,"arr":["663","693","694","695","695F","697","699"],"lines":"663, 693, 694, 695, 695F, 697, 699"},"geometry":{"type":"LineString","coordinates":[[145.356167,-37.908915],[145.356181,-37.908844],[145.35616,-37.908765],[145.356084,-37.908718],[145.355998,-37.908723]]}},{"type":"Feature","properties":{"mode":"bus","n":7,"arr":["663","693","694","695","695F","697","699"],"lines":"663, 693, 694, 695, 695F, 697, 699"},"geometry":{"type":"LineString","coordinates":[[145.355654,-37.909151],[145.356029,-37.909013]]}},{"type":"Feature","properties":{"mode":"bus","n":7,"arr":["663","693","694","695","695F","697","699"],"lines":"663, 693, 694, 695, 695F, 697, 699"},"geometry":{"type":"LineString","coordinates":[[145.355386,-37.909314],[145.355817,-37.909037],[145.355891,-37.90895],[145.355918,-37.908866]]}},{"type":"Feature","properties":{"mode":"bus","n":5,"arr":["681","682","691","754","900"],"lines":"681, 682, 691, 754, 900"},"geometry":{"type":"LineString","coordinates":[[145.235121,-37.917838],[145.235257,-37.917736],[145.235494,-37.91767],[145.23632,-37.917787],[145.23636,-37.917799],[145.236389,-37.917823],[145.236446,-37.917894],[145.236445,-37.91799],[145.236379,-37.918203],[145.236197,-37.918424],[145.236004,-37.91872],[145.235982,-37.918849],[145.23589,-37.918979],[145.235669,-37.919115]]}},{"type":"Feature","properties":{"mode":"bus","n":5,"arr":["681","682","691","754","900"],"lines":"681, 682, 691, 754, 900"},"geometry":{"type":"LineString","coordinates":[[145.201544,-37.924004],[145.205307,-37.924469],[145.211114,-37.925292],[145.214587,-37.925708],[145.217503,-37.92616],[145.220296,-37.926529],[145.233138,-37.9281]]}},{"type":"Feature","properties":{"mode":"bus","n":6,"arr":["695F","835","841","842","895","981"],"lines":"695F, 835, 841, 842, 895, 981"},"geometry":{"type":"LineString","coordinates":[[145.306669,-38.02055],[145.306716,-38.020534]]}},{"type":"Feature","properties":{"mode":"bus","n":6,"arr":["695F","835","841","842","895","981"],"lines":"695F, 835, 841, 842, 895, 981"},"geometry":{"type":"LineString","coordinates":[[145.306785,-38.02034],[145.30671,-38.020278],[145.306624,-38.020259],[145.30626,-38.020333],[145.305915,-38.020349],[145.305184,-38.020437],[145.304922,-38.020404],[145.304831,-38.020356],[145.304667,-38.020364],[145.304327,-38.020317],[145.303939,-38.020221]]}},{"type":"Feature","properties":{"mode":"bus","n":5,"arr":["695F","841","842","895","981"],"lines":"695F, 841, 842, 895, 981"},"geometry":{"type":"LineString","coordinates":[[145.304327,-38.020317],[145.304782,-38.020514],[145.304816,-38.020522],[145.304851,-38.020516],[145.304915,-38.020492],[145.305271,-38.020488],[145.305927,-38.020398],[145.306157,-38.020386],[145.306392,-38.02044],[145.306555,-38.020548],[145.306669,-38.02055]]}},{"type":"Feature","properties":{"mode":"bus","n":5,"arr":["695F","841","842","895","981"],"lines":"695F, 841, 842, 895, 981"},"geometry":{"type":"LineString","coordinates":[[145.302932,-38.020032],[145.30287,-38.020029],[145.302821,-38.019999],[145.302801,-38.019953],[145.302817,-38.019905]]}},{"type":"Feature","properties":{"mode":"bus","n":5,"arr":["695F","841","842","895","981"],"lines":"695F, 841, 842, 895, 981"},"geometry":{"type":"LineString","coordinates":[[145.307748,-38.020795],[145.307329,-38.020762],[145.307173,-38.020702],[145.306943,-38.020557],[145.306716,-38.020534]]}},{"type":"Feature","properties":{"mode":"bus","n":5,"arr":["695F","841","842","895","981"],"lines":"695F, 841, 842, 895, 981"},"geometry":{"type":"LineString","coordinates":[[145.307401,-38.020621],[145.307198,-38.02057],[145.306785,-38.02034]]}},{"type":"Feature","properties":{"mode":"bus","n":10,"arr":["695F","828","834","838","841","842","891","895","926","981"],"lines":"695F, 828, 834, 838, 841, 842, 891, 895, 926, 981"},"geometry":{"type":"LineString","coordinates":[[145.303939,-38.020221],[145.303321,-38.020068],[145.302932,-38.020032]]}},{"type":"Feature","properties":{"mode":"bus","n":11,"arr":["695F","828","834","835","838","841","842","891","895","926","981"],"lines":"695F, 828, 834, 835, 838, 841, 842, 891, 895, 926, 981"},"geometry":{"type":"LineString","coordinates":[[145.30314,-38.019548],[145.303201,-38.019852],[145.303183,-38.019913],[145.303175,-38.019929],[145.30316,-38.019941],[145.30314,-38.019949],[145.30311,-38.019955],[145.303077,-38.019957],[145.303047,-38.019945],[145.302939,-38.019877],[145.302922,-38.01987],[145.302902,-38.019869],[145.302864,-38.019873],[145.302817,-38.019905]]}},{"type":"Feature","properties":{"mode":"bus","n":11,"arr":["695F","828","834","835","838","841","842","891","895","926","981"],"lines":"695F, 828, 834, 835, 838, 841, 842, 891, 895, 926, 981"},"geometry":{"type":"LineString","coordinates":[[145.303903,-38.019649],[145.30373,-38.019613]]}},{"type":"Feature","properties":{"mode":"bus","n":11,"arr":["695F","828","834","835","838","841","842","891","895","926","981"],"lines":"695F, 828, 834, 835, 838, 841, 842, 891, 895, 926, 981"},"geometry":{"type":"LineString","coordinates":[[145.303916,-38.019657],[145.30396,-38.019689],[145.303972,-38.019701],[145.303976,-38.019715],[145.303974,-38.01973],[145.303942,-38.019811],[145.303974,-38.020126],[145.303939,-38.020221]]}},{"type":"Feature","properties":{"mode":"bus","n":5,"arr":["704","800","802","804","862"],"lines":"704, 800, 802, 804, 862"},"geometry":{"type":"LineString","coordinates":[[145.091651,-37.901716],[145.091688,-37.901666],[145.091791,-37.901638]]}},{"type":"Feature","properties":{"mode":"bus","n":5,"arr":["704","800","802","804","862"],"lines":"704, 800, 802, 804, 862"},"geometry":{"type":"LineString","coordinates":[[145.092331,-37.899037],[145.091244,-37.898874],[145.089768,-37.898693]]}},{"type":"Feature","properties":{"mode":"bus","n":5,"arr":["704","800","802","804","862"],"lines":"704, 800, 802, 804, 862"},"geometry":{"type":"LineString","coordinates":[[145.092028,-37.90045],[145.092055,-37.900313]]}},{"type":"Feature","properties":{"mode":"bus","n":5,"arr":["709","812","813","816","824"],"lines":"709, 812, 813, 816, 824"},"geometry":{"type":"LineString","coordinates":[[145.1751,-37.992014],[145.175124,-37.992034],[145.175134,-37.992046],[145.175136,-37.99206],[145.175135,-37.992087],[145.175096,-37.992116],[145.175043,-37.992116],[145.175005,-37.992086],[145.175004,-37.992059],[145.175007,-37.992045],[145.175017,-37.992034],[145.17503,-37.992023],[145.175045,-37.992015],[145.175064,-37.992013],[145.1751,-37.992014]]}},{"type":"Feature","properties":{"mode":"bus","n":8,"arr":["760","791","795","796","798","897","898","982"],"lines":"760, 791, 795, 796, 798, 897, 898, 982"},"geometry":{"type":"LineString","coordinates":[[145.275973,-38.097063],[145.276083,-38.097116],[145.276375,-38.097157],[145.277439,-38.097223],[145.277983,-38.097294],[145.278417,-38.097375],[145.279226,-38.097577],[145.279597,-38.097642],[145.282517,-38.097975]]}},{"type":"Feature","properties":{"mode":"bus","n":7,"arr":["760","791","795","796","897","898","981"],"lines":"760, 791, 795, 796, 897, 898, 981"},"geometry":{"type":"LineString","coordinates":[[145.285482,-38.109662],[145.285495,-38.109675]]}},{"type":"Feature","properties":{"mode":"bus","n":7,"arr":["760","791","795","796","897","898","981"],"lines":"760, 791, 795, 796, 897, 898, 981"},"geometry":{"type":"LineString","coordinates":[[145.285488,-38.10976],[145.285453,-38.10978]]}},{"type":"Feature","properties":{"mode":"bus","n":6,"arr":["760","791","795","796","897","898"],"lines":"760, 791, 795, 796, 897, 898"},"geometry":{"type":"LineString","coordinates":[[145.285495,-38.109675],[145.285509,-38.109718],[145.285488,-38.10976]]}},{"type":"Feature","properties":{"mode":"bus","n":16,"arr":["770","771","772","773","774","775","776","781","782","783","784","785","832","833","887","901"],"lines":"770, 771, 772, 773, 774, 775, 776, 781, 782, 783, 784, 785, 832, 833, 887, 901"},"geometry":{"type":"LineString","coordinates":[[145.127206,-38.139788],[145.127187,-38.139744],[145.127216,-38.139627],[145.1272,-38.139485],[145.127148,-38.139427]]}},{"type":"Feature","properties":{"mode":"bus","n":16,"arr":["770","771","772","773","774","775","776","781","782","783","784","785","832","833","887","901"],"lines":"770, 771, 772, 773, 774, 775, 776, 781, 782, 783, 784, 785, 832, 833, 887, 901"},"geometry":{"type":"LineString","coordinates":[[145.127253,-38.139255],[145.127274,-38.139251]]}},{"type":"Feature","properties":{"mode":"bus","n":16,"arr":["770","771","772","773","774","775","776","781","782","783","784","785","832","833","887","901"],"lines":"770, 771, 772, 773, 774, 775, 776, 781, 782, 783, 784, 785, 832, 833, 887, 901"},"geometry":{"type":"LineString","coordinates":[[145.127464,-38.139332],[145.127469,-38.139418],[145.127407,-38.139489],[145.127375,-38.139501],[145.12736,-38.13951],[145.127351,-38.139523],[145.127253,-38.13975],[145.127206,-38.139788],[145.126795,-38.140824]]}},{"type":"Feature","properties":{"mode":"bus","n":16,"arr":["770","771","772","773","774","775","776","781","782","783","784","785","832","833","887","901"],"lines":"770, 771, 772, 773, 774, 775, 776, 781, 782, 783, 784, 785, 832, 833, 887, 901"},"geometry":{"type":"LineString","coordinates":[[145.125529,-38.143108],[145.126018,-38.142146],[145.126418,-38.141511],[145.126717,-38.140878],[145.126771,-38.140841],[145.12678,-38.140836],[145.126787,-38.140834],[145.126793,-38.140836],[145.126797,-38.140841],[145.126799,-38.140849],[145.126806,-38.140895],[145.126625,-38.141343]]}},{"type":"Feature","properties":{"mode":"bus","n":6,"arr":["770","771","789","790","791","833"],"lines":"770, 771, 789, 790, 791, 833"},"geometry":{"type":"LineString","coordinates":[[145.125922,-38.139321],[145.125936,-38.139349],[145.126081,-38.139418],[145.126459,-38.13954],[145.126673,-38.139635],[145.126848,-38.139746],[145.12705,-38.139925],[145.127648,-38.140694],[145.127759,-38.14099],[145.127772,-38.141319]]}},{"type":"Feature","properties":{"mode":"bus","n":6,"arr":["770","771","789","790","791","833"],"lines":"770, 771, 789, 790, 791, 833"},"geometry":{"type":"LineString","coordinates":[[145.125584,-38.139451],[145.125565,-38.139386],[145.125585,-38.139321],[145.125638,-38.139269],[145.125738,-38.139239]]}},{"type":"Feature","properties":{"mode":"bus","n":7,"arr":["770","771","789","790","791","833","SkyBus Frankston"],"lines":"770, 771, 789, 790, 791, 833, SkyBus Frankston"},"geometry":{"type":"LineString","coordinates":[[145.127609,-38.1414],[145.127643,-38.141126],[145.127566,-38.140777],[145.12738,-38.14048],[145.126953,-38.139951],[145.126703,-38.139749],[145.126417,-38.139609],[145.12603,-38.13951],[145.125866,-38.139505],[145.125798,-38.13953],[145.125703,-38.139529],[145.125584,-38.139451]]}},{"type":"Feature","properties":{"mode":"bus","n":14,"arr":["770","771","772","773","774","775","776","781","782","783","784","785","833","887"],"lines":"770, 771, 772, 773, 774, 775, 776, 781, 782, 783, 784, 785, 833, 887"},"geometry":{"type":"LineString","coordinates":[[145.127274,-38.139251],[145.127408,-38.139274],[145.127464,-38.139332]]}},{"type":"Feature","properties":{"mode":"bus","n":18,"arr":["770","771","772","773","774","775","776","779","780","781","782","783","784","785","788","833","887","901"],"lines":"770, 771, 772, 773, 774, 775, 776, 779, 780, 781, 782, 783, 784, 785, 788, 833, 887, 901"},"geometry":{"type":"LineString","coordinates":[[145.125179,-38.144366],[145.125184,-38.144424],[145.125177,-38.144453],[145.125154,-38.144475],[145.125085,-38.144518]]}},{"type":"Feature","properties":{"mode":"bus","n":17,"arr":["770","771","772","773","774","775","776","779","780","781","782","783","784","785","833","887","901"],"lines":"770, 771, 772, 773, 774, 775, 776, 779, 780, 781, 782, 783, 784, 785, 833, 887, 901"},"geometry":{"type":"LineString","coordinates":[[145.124943,-38.144377],[145.124976,-38.14434]]}},{"type":"Feature","properties":{"mode":"bus","n":15,"arr":["772","773","774","775","776","779","780","781","782","783","784","785","788","887","SkyBus Frankston"],"lines":"772, 773, 774, 775, 776, 779, 780, 781, 782, 783, 784, 785, 788, 887, SkyBus Frankston"},"geometry":{"type":"LineString","coordinates":[[145.123353,-38.14527],[145.123356,-38.145282]]}},{"type":"Feature","properties":{"mode":"bus","n":14,"arr":["772","773","774","775","776","779","780","781","782","783","784","785","788","887"],"lines":"772, 773, 774, 775, 776, 779, 780, 781, 782, 783, 784, 785, 788, 887"},"geometry":{"type":"LineString","coordinates":[[145.123356,-38.145282],[145.123289,-38.145345],[145.123183,-38.145373]]}},{"type":"Feature","properties":{"mode":"bus","n":14,"arr":["772","773","774","775","776","779","780","781","782","783","784","785","788","887"],"lines":"772, 773, 774, 775, 776, 779, 780, 781, 782, 783, 784, 785, 788, 887"},"geometry":{"type":"LineString","coordinates":[[145.123024,-38.1453],[145.123018,-38.14528]]}},{"type":"Feature","properties":{"mode":"bus","n":14,"arr":["772","773","774","775","776","779","780","781","782","783","784","785","788","887"],"lines":"772, 773, 774, 775, 776, 779, 780, 781, 782, 783, 784, 785, 788, 887"},"geometry":{"type":"LineString","coordinates":[[145.125085,-38.144518],[145.124888,-38.144569],[145.124418,-38.144776]]}},{"type":"Feature","properties":{"mode":"bus","n":14,"arr":["772","773","774","775","776","779","780","781","782","783","784","785","788","887"],"lines":"772, 773, 774, 775, 776, 779, 780, 781, 782, 783, 784, 785, 788, 887"},"geometry":{"type":"LineString","coordinates":[[145.124342,-38.14481],[145.123496,-38.145185],[145.123353,-38.14527]]}},{"type":"Feature","properties":{"mode":"bus","n":12,"arr":["772","774","775","776","779","780","781","782","783","784","785","788"],"lines":"772, 774, 775, 776, 779, 780, 781, 782, 783, 784, 785, 788"},"geometry":{"type":"LineString","coordinates":[[145.123024,-38.1453],[145.12308,-38.145348],[145.123183,-38.145373]]}},{"type":"Feature","properties":{"mode":"bus","n":8,"arr":["772","773","774","775","776","782","783","887"],"lines":"772, 773, 774, 775, 776, 782, 783, 887"},"geometry":{"type":"LineString","coordinates":[[145.123018,-38.14528],[145.123045,-38.145215],[145.123118,-38.145162]]}},{"type":"Feature","properties":{"mode":"bus","n":14,"arr":["772","773","774","775","776","779","780","781","782","783","784","785","887","SkyBus Frankston"],"lines":"772, 773, 774, 775, 776, 779, 780, 781, 782, 783, 784, 785, 887, SkyBus Frankston"},"geometry":{"type":"LineString","coordinates":[[145.123118,-38.145162],[145.123141,-38.145157]]}},{"type":"Feature","properties":{"mode":"bus","n":13,"arr":["772","773","774","775","776","781","782","783","784","785","832","887","901"],"lines":"772, 773, 774, 775, 776, 781, 782, 783, 784, 785, 832, 887, 901"},"geometry":{"type":"LineString","coordinates":[[145.127148,-38.139427],[145.127145,-38.139372],[145.127151,-38.139345],[145.12717,-38.139322],[145.127253,-38.139255]]}},{"type":"Feature","properties":{"mode":"bus","n":7,"arr":["774","779","780","781","784","785","788"],"lines":"774, 779, 780, 781, 784, 785, 788"},"geometry":{"type":"LineString","coordinates":[[145.12204,-38.1448],[145.121753,-38.144764],[145.121691,-38.144706],[145.120743,-38.144316]]}},{"type":"Feature","properties":{"mode":"bus","n":7,"arr":["774","779","780","781","784","785","788"],"lines":"774, 779, 780, 781, 784, 785, 788"},"geometry":{"type":"LineString","coordinates":[[145.123018,-38.14528],[145.122838,-38.145182],[145.122811,-38.145141]]}},{"type":"Feature","properties":{"mode":"bus","n":6,"arr":["779","780","781","784","785","SkyBus Frankston"],"lines":"779, 780, 781, 784, 785, SkyBus Frankston"},"geometry":{"type":"LineString","coordinates":[[145.120787,-38.144194],[145.121741,-38.144628],[145.121845,-38.144636],[145.12204,-38.1448]]}},{"type":"Feature","properties":{"mode":"bus","n":6,"arr":["779","780","781","784","785","SkyBus Frankston"],"lines":"779, 780, 781, 784, 785, SkyBus Frankston"},"geometry":{"type":"LineString","coordinates":[[145.122811,-38.145141],[145.123118,-38.145162]]}},{"type":"Feature","properties":{"mode":"bus","n":5,"arr":["781","784","785","788","886"],"lines":"781, 784, 785, 788, 886"},"geometry":{"type":"LineString","coordinates":[[145.041102,-38.22391],[145.041047,-38.223885],[145.041007,-38.223827],[145.041035,-38.223669]]}},{"type":"Feature","properties":{"mode":"bus","n":5,"arr":["781","784","785","788","886"],"lines":"781, 784, 785, 788, 886"},"geometry":{"type":"LineString","coordinates":[[145.040962,-38.223121],[145.040948,-38.223215],[145.040978,-38.223331],[145.041151,-38.223652],[145.041262,-38.223748],[145.041281,-38.223815]]}},{"type":"Feature","properties":{"mode":"bus","n":5,"arr":["781","784","785","788","886"],"lines":"781, 784, 785, 788, 886"},"geometry":{"type":"LineString","coordinates":[[145.040742,-38.223085],[145.040744,-38.223056]]}},{"type":"Feature","properties":{"mode":"bus","n":5,"arr":["781","784","785","788","886"],"lines":"781, 784, 785, 788, 886"},"geometry":{"type":"LineString","coordinates":[[145.040849,-38.222985],[145.040867,-38.222986]]}},{"type":"Feature","properties":{"mode":"bus","n":7,"arr":["795","796","798","841","897","898","981"],"lines":"795, 796, 798, 841, 897, 898, 981"},"geometry":{"type":"LineString","coordinates":[[145.285388,-38.109642],[145.285248,-38.109668],[145.285009,-38.109663]]}},{"type":"Feature","properties":{"mode":"bus","n":5,"arr":["795","796","897","898","981"],"lines":"795, 796, 897, 898, 981"},"geometry":{"type":"LineString","coordinates":[[145.285482,-38.109662],[145.285388,-38.109642]]}},{"type":"Feature","properties":{"mode":"bus","n":16,"arr":["811","812","813","814","828","843","844","845","848","850","857","861","901","978","979","982"],"lines":"811, 812, 813, 814, 828, 843, 844, 845, 848, 850, 857, 861, 901, 978, 979, 982"},"geometry":{"type":"LineString","coordinates":[[145.209246,-37.989599],[145.20968,-37.989711],[145.210148,-37.989917],[145.210279,-37.989952],[145.210299,-37.989961],[145.210311,-37.989974],[145.210315,-37.989992],[145.210314,-37.990018],[145.210321,-37.990045],[145.210343,-37.990067],[145.210376,-37.990088],[145.2104,-37.990098],[145.210427,-37.9901],[145.210451,-37.990097],[145.210477,-37.990091],[145.210498,-37.990077],[145.21053,-37.990046],[145.210543,-37.990027],[145.210545,-37.990006],[145.210539,-37.989964],[145.210455,-37.98991]]}},{"type":"Feature","properties":{"mode":"bus","n":7,"arr":["814","828","844","848","850","857","982"],"lines":"814, 828, 844, 848, 850, 857, 982"},"geometry":{"type":"LineString","coordinates":[[145.210315,-37.989962],[145.210384,-37.989914],[145.210455,-37.98991]]}},{"type":"Feature","properties":{"mode":"bus","n":5,"arr":["828","844","892","893","981"],"lines":"828, 844, 892, 893, 981"},"geometry":{"type":"LineString","coordinates":[[145.22457,-37.995909],[145.224484,-37.995658],[145.224364,-37.995474],[145.218484,-37.989186],[145.217633,-37.988234],[145.217466,-37.9881],[145.217368,-37.987942],[145.217362,-37.987931],[145.217362,-37.987924],[145.217366,-37.987921],[145.217375,-37.987921],[145.217389,-37.987926],[145.217571,-37.987997],[145.217592,-37.98801],[145.217604,-37.988029],[145.217616,-37.988071],[145.222587,-37.993415],[145.22337,-37.994202],[145.224548,-37.995477],[145.22467,-37.995654]]}},{"type":"Feature","properties":{"mode":"bus","n":5,"arr":["828","844","892","893","981"],"lines":"828, 844, 892, 893, 981"},"geometry":{"type":"LineString","coordinates":[[145.217348,-37.98791],[145.216942,-37.987479],[145.216764,-37.987327],[145.21663,-37.987147],[145.21653,-37.987097],[145.21649,-37.987086],[145.216449,-37.987093],[145.216311,-37.987141],[145.215329,-37.987725]]}},{"type":"Feature","properties":{"mode":"bus","n":13,"arr":["828","831","834","835","836","837","838","839","847","888","889","899","928"],"lines":"828, 831, 834, 835, 836, 837, 838, 839, 847, 888, 889, 899, 928"},"geometry":{"type":"LineString","coordinates":[[145.343886,-38.03895],[145.344517,-38.039757],[145.344583,-38.039952],[145.344595,-38.03997],[145.344616,-38.039982],[145.344664,-38.039998],[145.344727,-38.039979],[145.344764,-38.039939],[145.344755,-38.039886],[145.343995,-38.038894],[145.343878,-38.038628],[145.343722,-38.038551],[145.343537,-38.038372],[145.343301,-38.038244],[145.343093,-38.03817],[145.342787,-38.038126]]}},{"type":"Feature","properties":{"mode":"bus","n":13,"arr":["828","831","834","835","836","837","838","839","847","888","889","899","928"],"lines":"828, 831, 834, 835, 836, 837, 838, 839, 847, 888, 889, 899, 928"},"geometry":{"type":"LineString","coordinates":[[145.343358,-38.038323],[145.343477,-38.038383],[145.343569,-38.038482],[145.343609,-38.038582],[145.343607,-38.038718],[145.343632,-38.03877],[145.343799,-38.038849],[145.343876,-38.038937]]}},{"type":"Feature","properties":{"mode":"bus","n":13,"arr":["828","831","834","835","836","837","838","839","847","888","889","899","928"],"lines":"828, 831, 834, 835, 836, 837, 838, 839, 847, 888, 889, 899, 928"},"geometry":{"type":"LineString","coordinates":[[145.342426,-38.038106],[145.342417,-38.038159]]}},{"type":"Feature","properties":{"mode":"bus","n":6,"arr":["842","843","845","861","863","982"],"lines":"842, 843, 845, 861, 863, 982"},"geometry":{"type":"LineString","coordinates":[[145.25778,-37.976034],[145.257762,-37.976212],[145.257796,-37.976367],[145.257878,-37.976429],[145.2579,-37.97644],[145.257923,-37.976441],[145.257946,-37.976431],[145.258063,-37.976357],[145.258228,-37.976143],[145.258252,-37.976122],[145.258285,-37.97611],[145.258355,-37.976097],[145.258416,-37.976123],[145.258432,-37.976134],[145.258438,-37.976147],[145.258432,-37.976163],[145.258207,-37.976504],[145.258092,-37.976582],[145.258069,-37.976593],[145.258044,-37.976595],[145.258019,-37.976588],[145.257936,-37.976549],[145.257793,-37.976522],[145.2577,-37.976536],[145.257665,-37.976535],[145.257634,-37.976521],[145.257583,-37.976481],[145.257578,-37.976419],[145.257669,-37.976304],[145.25778,-37.976034],[145.257924,-37.975457],[145.257994,-37.97529]]}},{"type":"Feature","properties":{"mode":"bus","n":6,"arr":["842","843","845","861","863","982"],"lines":"842, 843, 845, 861, 863, 982"},"geometry":{"type":"LineString","coordinates":[[145.258168,-37.975222],[145.258109,-37.975346],[145.25787,-37.975691]]}},{"type":"Feature","properties":{"mode":"bus","n":6,"arr":["150","151","494","495","497","949"],"lines":"150, 151, 494, 495, 497, 949"},"geometry":{"type":"LineString","coordinates":[[144.748816,-37.872243],[144.748326,-37.870752],[144.748116,-37.869785],[144.748134,-37.869645],[144.748108,-37.869282],[144.748108,-37.867132]]}},{"type":"Feature","properties":{"mode":"bus","n":6,"arr":["150","151","494","495","497","949"],"lines":"150, 151, 494, 495, 497, 949"},"geometry":{"type":"LineString","coordinates":[[144.7486,-37.872253],[144.748172,-37.870789],[144.748024,-37.870077],[144.74796,-37.869498],[144.747896,-37.867309]]}},{"type":"Feature","properties":{"mode":"bus","n":8,"arr":["150","151","152","153","494","495","497","949"],"lines":"150, 151, 152, 153, 494, 495, 497, 949"},"geometry":{"type":"LineString","coordinates":[[144.746015,-37.867091],[144.745999,-37.867891]]}},{"type":"Feature","properties":{"mode":"bus","n":8,"arr":["150","151","152","153","494","495","497","949"],"lines":"150, 151, 152, 153, 494, 495, 497, 949"},"geometry":{"type":"LineString","coordinates":[[144.746017,-37.866993],[144.746525,-37.866976],[144.747337,-37.866865]]}},{"type":"Feature","properties":{"mode":"bus","n":8,"arr":["150","151","152","153","494","495","497","949"],"lines":"150, 151, 152, 153, 494, 495, 497, 949"},"geometry":{"type":"LineString","coordinates":[[144.749421,-37.866553],[144.748422,-37.866666]]}},{"type":"Feature","properties":{"mode":"bus","n":6,"arr":["150","152","494","495","497","949"],"lines":"150, 152, 494, 495, 497, 949"},"geometry":{"type":"LineString","coordinates":[[144.746015,-37.867091],[144.746017,-37.866993]]}},{"type":"Feature","properties":{"mode":"bus","n":5,"arr":["150","151","167","170","186"],"lines":"150, 151, 167, 170, 186"},"geometry":{"type":"LineString","coordinates":[[144.692117,-37.830531],[144.692323,-37.830927],[144.692418,-37.831043],[144.692581,-37.831135],[144.692867,-37.831215],[144.694435,-37.831427]]}},{"type":"Feature","properties":{"mode":"bus","n":6,"arr":["150","152","154","160","180","182"],"lines":"150, 152, 154, 160, 180, 182"},"geometry":{"type":"LineString","coordinates":[[144.694674,-37.832475],[144.695444,-37.832584],[144.695505,-37.832632],[144.695512,-37.832676],[144.695458,-37.832886],[144.695463,-37.832997],[144.695468,-37.833018],[144.695484,-37.833031],[144.695509,-37.833037],[144.69581,-37.833067],[144.695874,-37.833111],[144.695899,-37.833137],[144.695905,-37.83317],[144.695865,-37.833558],[144.695624,-37.834838]]}},{"type":"Feature","properties":{"mode":"bus","n":6,"arr":["150","152","154","160","180","182"],"lines":"150, 152, 154, 160, 180, 182"},"geometry":{"type":"LineString","coordinates":[[144.695589,-37.835003],[144.695439,-37.834985]]}},{"type":"Feature","properties":{"mode":"bus","n":6,"arr":["151","153","494","495","497","949"],"lines":"151, 153, 494, 495, 497, 949"},"geometry":{"type":"LineString","coordinates":[[144.748422,-37.866666],[144.747337,-37.866865]]}},{"type":"Feature","properties":{"mode":"bus","n":5,"arr":["152","153","495","497","949"],"lines":"152, 153, 495, 497, 949"},"geometry":{"type":"LineString","coordinates":[[144.747306,-37.869557],[144.747353,-37.869546]]}},{"type":"Feature","properties":{"mode":"bus","n":5,"arr":["152","154","160","180","182"],"lines":"152, 154, 160, 180, 182"},"geometry":{"type":"LineString","coordinates":[[144.69547,-37.834819],[144.695657,-37.833921],[144.695763,-37.833562],[144.695813,-37.833228],[144.69581,-37.833194],[144.695789,-37.833164],[144.695725,-37.833101],[144.695464,-37.833033]]}},{"type":"Feature","properties":{"mode":"bus","n":5,"arr":["152","154","160","180","182"],"lines":"152, 154, 160, 180, 182"},"geometry":{"type":"LineString","coordinates":[[144.695473,-37.83282],[144.695413,-37.832679],[144.695336,-37.832647],[144.69455,-37.83254],[144.694232,-37.832527],[144.694212,-37.832523],[144.694196,-37.832513],[144.69417,-37.832489],[144.694164,-37.832442],[144.694188,-37.832402],[144.694237,-37.832384],[144.694264,-37.83238],[144.694289,-37.832386],[144.694413,-37.832441],[144.694674,-37.832475]]}},{"type":"Feature","properties":{"mode":"bus","n":7,"arr":["153","181","190","191","192","441","443"],"lines":"153, 181, 190, 191, 192, 441, 443"},"geometry":{"type":"LineString","coordinates":[[144.653511,-37.901848],[144.654113,-37.901524],[144.654893,-37.901155]]}},{"type":"Feature","properties":{"mode":"bus","n":7,"arr":["153","181","190","191","192","441","443"],"lines":"153, 181, 190, 191, 192, 441, 443"},"geometry":{"type":"LineString","coordinates":[[144.660237,-37.89878],[144.659247,-37.899165],[144.659204,-37.899154],[144.658531,-37.898433],[144.658517,-37.898422],[144.658502,-37.898417],[144.658485,-37.898418],[144.658467,-37.898426],[144.657405,-37.899051],[144.65712,-37.899303],[144.657072,-37.89941],[144.657055,-37.899563],[144.657063,-37.899897],[144.656929,-37.90004],[144.654893,-37.901155],[144.654019,-37.901716]]}},{"type":"Feature","properties":{"mode":"bus","n":12,"arr":["153","161","170","180","181","182","190","191","192","439","441","443"],"lines":"153, 161, 170, 180, 181, 182, 190, 191, 192, 439, 441, 443"},"geometry":{"type":"LineString","coordinates":[[144.660237,-37.89878],[144.66034,-37.898868],[144.660409,-37.898887],[144.660442,-37.89889],[144.660472,-37.898879],[144.660525,-37.898847],[144.6609,-37.898724],[144.661068,-37.898606],[144.661138,-37.898519],[144.661152,-37.898452],[144.661153,-37.898439],[144.66115,-37.898431],[144.661143,-37.898427],[144.661133,-37.898428],[144.661118,-37.898432],[144.660237,-37.89878]]}},{"type":"Feature","properties":{"mode":"bus","n":5,"arr":["161","166","167","181","498"],"lines":"161, 166, 167, 181, 498"},"geometry":{"type":"LineString","coordinates":[[144.700722,-37.883079],[144.700675,-37.883075]]}},{"type":"Feature","properties":{"mode":"bus","n":5,"arr":["160","161","167","181","498"],"lines":"160, 161, 167, 181, 498"},"geometry":{"type":"LineString","coordinates":[[144.700625,-37.882931],[144.700638,-37.88289]]}},{"type":"Feature","properties":{"mode":"bus","n":5,"arr":["161","166","167","170","181"],"lines":"161, 166, 167, 170, 181"},"geometry":{"type":"LineString","coordinates":[[144.682802,-37.877243],[144.683227,-37.874719],[144.683255,-37.874531],[144.683225,-37.8744],[144.683295,-37.873963],[144.68324,-37.873754],[144.683216,-37.873716],[144.683156,-37.873687],[144.683122,-37.873677],[144.683087,-37.87368],[144.68257,-37.873814]]}},{"type":"Feature","properties":{"mode":"bus","n":5,"arr":["161","166","167","170","181"],"lines":"161, 166, 167, 170, 181"},"geometry":{"type":"LineString","coordinates":[[144.682428,-37.874612],[144.682598,-37.874693],[144.68305,-37.874752],[144.68307,-37.874759],[144.683084,-37.874773],[144.683092,-37.874787],[144.6831,-37.874797],[144.683112,-37.874804],[144.683126,-37.874807],[144.683209,-37.874813],[144.683334,-37.874868],[144.683356,-37.874881],[144.683367,-37.874899],[144.683368,-37.874921],[144.683058,-37.876814]]}},{"type":"Feature","properties":{"mode":"bus","n":6,"arr":["161","170","180","182","439","443"],"lines":"161, 170, 180, 182, 439, 443"},"geometry":{"type":"LineString","coordinates":[[144.661591,-37.898144],[144.661425,-37.89815],[144.66141,-37.898153],[144.661401,-37.898161],[144.661398,-37.898173],[144.6614,-37.898214],[144.661341,-37.898304],[144.661195,-37.898394],[144.661185,-37.8984],[144.66118,-37.898405],[144.661179,-37.898407],[144.661182,-37.898408],[144.66119,-37.898406],[144.661202,-37.898403],[144.661336,-37.898362],[144.661477,-37.898288],[144.661591,-37.898144]]}},{"type":"Feature","properties":{"mode":"bus","n":5,"arr":["166","190","191","192","194"],"lines":"166, 190, 191, 192, 194"},"geometry":{"type":"LineString","coordinates":[[144.608397,-37.876032],[144.608556,-37.875664],[144.608909,-37.874979],[144.609063,-37.874506],[144.609116,-37.874246],[144.609258,-37.873424],[144.609258,-37.873408],[144.609251,-37.873396],[144.609238,-37.873388],[144.609219,-37.873385],[144.608898,-37.87336],[144.60888,-37.873361],[144.608865,-37.873368],[144.608855,-37.873379],[144.60883,-37.873418],[144.60862,-37.87466],[144.608623,-37.874689],[144.608642,-37.874714],[144.608692,-37.874758],[144.608904,-37.874811],[144.608921,-37.874818],[144.60893,-37.874827],[144.60893,-37.874838],[144.608922,-37.874852],[144.608832,-37.874959],[144.608394,-37.875687],[144.608222,-37.8761]]}},{"type":"Feature","properties":{"mode":"bus","n":5,"arr":["170","180","182","439","443"],"lines":"170, 180, 182, 439, 443"},"geometry":{"type":"LineString","coordinates":[[144.665905,-37.896995],[144.665726,-37.897097],[144.665465,-37.897205],[144.665147,-37.897309],[144.663749,-37.897879],[144.663448,-37.898068],[144.663227,-37.898159],[144.663021,-37.898186],[144.662867,-37.898172],[144.662359,-37.898002],[144.66224,-37.897999],[144.661591,-37.898144]]}},{"type":"Feature","properties":{"mode":"bus","n":14,"arr":["200","207","216","220","232","234","236","250","251","303","309","350","605","959"],"lines":"200, 207, 216, 220, 232, 234, 236, 250, 251, 303, 309, 350, 605, 959"},"geometry":{"type":"LineString","coordinates":[[144.961136,-37.816105],[144.959752,-37.813055]]}},{"type":"Feature","properties":{"mode":"bus","n":14,"arr":["200","207","216","220","232","234","236","250","251","303","309","350","605","959"],"lines":"200, 207, 216, 220, 232, 234, 236, 250, 251, 303, 309, 350, 605, 959"},"geometry":{"type":"LineString","coordinates":[[144.959885,-37.813017],[144.961163,-37.815785]]}},{"type":"Feature","properties":{"mode":"bus","n":13,"arr":["200","207","220","232","234","236","250","251","303","309","350","605","959"],"lines":"200, 207, 220, 232, 234, 236, 250, 251, 303, 309, 350, 605, 959"},"geometry":{"type":"LineString","coordinates":[[144.959752,-37.813055],[144.959707,-37.812961]]}},{"type":"Feature","properties":{"mode":"bus","n":18,"arr":["200","207","216","234","236","250","251","302","303","304","305","309","318","350","905","906","907","908"],"lines":"200, 207, 216, 234, 236, 250, 251, 302, 303, 304, 305, 309, 318, 350, 905, 906, 907, 908"},"geometry":{"type":"LineString","coordinates":[[144.959707,-37.812961],[144.959842,-37.812922]]}},{"type":"Feature","properties":{"mode":"bus","n":15,"arr":["200","207","250","251","302","303","304","305","309","318","350","905","906","907","908"],"lines":"200, 207, 250, 251, 302, 303, 304, 305, 309, 318, 350, 905, 906, 907, 908"},"geometry":{"type":"LineString","coordinates":[[144.959842,-37.812922],[144.967111,-37.810808]]}},{"type":"Feature","properties":{"mode":"bus","n":15,"arr":["200","207","250","251","302","303","304","305","309","318","350","905","906","907","908"],"lines":"200, 207, 250, 251, 302, 303, 304, 305, 309, 318, 350, 905, 906, 907, 908"},"geometry":{"type":"LineString","coordinates":[[144.967306,-37.810864],[144.959885,-37.813017]]}},{"type":"Feature","properties":{"mode":"bus","n":5,"arr":["200","207","241","250","251"],"lines":"200, 207, 241, 250, 251"},"geometry":{"type":"LineString","coordinates":[[144.970046,-37.797371],[144.970461,-37.797417]]}},{"type":"Feature","properties":{"mode":"bus","n":5,"arr":["200","207","241","250","251"],"lines":"200, 207, 241, 250, 251"},"geometry":{"type":"LineString","coordinates":[[144.970444,-37.797521],[144.970029,-37.797474]]}},{"type":"Feature","properties":{"mode":"bus","n":5,"arr":["200","282","305","309","905"],"lines":"200, 282, 305, 309, 905"},"geometry":{"type":"LineString","coordinates":[[145.081276,-37.766361],[145.082182,-37.766975]]}},{"type":"Feature","properties":{"mode":"bus","n":5,"arr":["200","282","305","309","905"],"lines":"200, 282, 305, 309, 905"},"geometry":{"type":"LineString","coordinates":[[145.094611,-37.773758],[145.09513,-37.77349],[145.095577,-37.773197],[145.099076,-37.770455]]}},{"type":"Feature","properties":{"mode":"bus","n":6,"arr":["200","280","282","305","309","905"],"lines":"200, 280, 282, 305, 309, 905"},"geometry":{"type":"LineString","coordinates":[[145.099076,-37.770455],[145.099177,-37.770362]]}},{"type":"Feature","properties":{"mode":"bus","n":6,"arr":["200","280","282","305","309","903"],"lines":"200, 280, 282, 305, 309, 903"},"geometry":{"type":"LineString","coordinates":[[145.099177,-37.770362],[145.099282,-37.770456]]}},{"type":"Feature","properties":{"mode":"bus","n":5,"arr":["200","280","305","309","905"],"lines":"200, 280, 305, 309, 905"},"geometry":{"type":"LineString","coordinates":[[145.09885,-37.770794],[145.095675,-37.773239],[145.095087,-37.773623],[145.094553,-37.773888]]}},{"type":"Feature","properties":{"mode":"bus","n":6,"arr":["200","303","318","906","907","908"],"lines":"200, 303, 318, 906, 907, 908"},"geometry":{"type":"LineString","coordinates":[[145.087401,-37.779847],[145.088767,-37.779813],[145.092252,-37.779457],[145.092808,-37.779426],[145.093399,-37.779429],[145.094353,-37.779506],[145.095021,-37.779589],[145.09574,-37.779755],[145.096506,-37.780036],[145.097186,-37.780335],[145.097874,-37.780794],[145.098492,-37.781312],[145.098935,-37.781769],[145.099287,-37.782326],[145.099639,-37.783193],[145.100154,-37.784878]]}},{"type":"Feature","properties":{"mode":"bus","n":6,"arr":["200","303","318","906","907","908"],"lines":"200, 303, 318, 906, 907, 908"},"geometry":{"type":"LineString","coordinates":[[145.10013,-37.78617],[145.099687,-37.785317],[145.099585,-37.785025],[145.099165,-37.783323],[145.099031,-37.782972],[145.098831,-37.782574],[145.098605,-37.782243],[145.098124,-37.781691],[145.097546,-37.781175],[145.097151,-37.780897],[145.096345,-37.780481],[145.095919,-37.780324],[145.09523,-37.780126],[145.094601,-37.780007],[145.093894,-37.779941],[145.093054,-37.779927],[145.092557,-37.779941],[145.090719,-37.780266],[145.089037,-37.780474],[145.087427,-37.780566],[145.086175,-37.780564],[145.086041,-37.780598],[145.085325,-37.780552],[145.084497,-37.780464],[145.082245,-37.780083]]}},{"type":"Feature","properties":{"mode":"bus","n":6,"arr":["200","207","284","285","907","908"],"lines":"200, 207, 284, 285, 907, 908"},"geometry":{"type":"LineString","coordinates":[[145.103091,-37.78842],[145.102857,-37.78847],[145.102371,-37.788629],[145.101666,-37.788926],[145.100648,-37.789569]]}},{"type":"Feature","properties":{"mode":"bus","n":7,"arr":["201","281","284","293","302","766","767"],"lines":"201, 281, 284, 293, 302, 766, 767"},"geometry":{"type":"LineString","coordinates":[[145.123937,-37.817931],[145.119311,-37.817356]]}},{"type":"Feature","properties":{"mode":"bus","n":7,"arr":["201","281","284","293","302","766","767"],"lines":"201, 281, 284, 293, 302, 766, 767"},"geometry":{"type":"LineString","coordinates":[[145.123791,-37.818281],[145.121468,-37.817998],[145.121161,-37.817928],[145.120318,-37.817664],[145.119282,-37.817519]]}},{"type":"Feature","properties":{"mode":"bus","n":13,"arr":["201","270","271","279","281","284","293","302","612","766","767","903","SkyBus Box Hill"],"lines":"201, 270, 271, 279, 281, 284, 293, 302, 612, 766, 767, 903, SkyBus Box Hill"},"geometry":{"type":"LineString","coordinates":[[145.123547,-37.81951],[145.123769,-37.818354],[145.123937,-37.817931]]}},{"type":"Feature","properties":{"mode":"bus","n":16,"arr":["201","270","271","279","281","284","293","302","612","732","733","765","766","767","903","SkyBus Box Hill"],"lines":"201, 270, 271, 279, 281, 284, 293, 302, 612, 732, 733, 765, 766, 767, 903, SkyBus Box Hill"},"geometry":{"type":"LineString","coordinates":[[145.122391,-37.82012],[145.122463,-37.820121],[145.122506,-37.820095],[145.12262,-37.819618],[145.122628,-37.819602],[145.122642,-37.81959],[145.122662,-37.819584],[145.122726,-37.819572],[145.123332,-37.819576],[145.123505,-37.819523],[145.123523,-37.81952],[145.123535,-37.819522],[145.123542,-37.819531],[145.123542,-37.819546],[145.123528,-37.819645]]}},{"type":"Feature","properties":{"mode":"bus","n":16,"arr":["201","270","271","279","281","284","293","302","612","732","733","765","766","767","903","SkyBus Box Hill"],"lines":"201, 270, 271, 279, 281, 284, 293, 302, 612, 732, 733, 765, 766, 767, 903, SkyBus Box Hill"},"geometry":{"type":"LineString","coordinates":[[145.122045,-37.819917],[145.122112,-37.819634]]}},{"type":"Feature","properties":{"mode":"bus","n":16,"arr":["201","270","271","279","281","284","293","302","612","732","733","765","766","767","903","SkyBus Box Hill"],"lines":"201, 270, 271, 279, 281, 284, 293, 302, 612, 732, 733, 765, 766, 767, 903, SkyBus Box Hill"},"geometry":{"type":"LineString","coordinates":[[145.122029,-37.819984],[145.122022,-37.82002],[145.122022,-37.820031],[145.122028,-37.820042],[145.122046,-37.82006],[145.12232,-37.820109]]}},{"type":"Feature","properties":{"mode":"bus","n":17,"arr":["201","270","271","279","281","284","293","302","612","732","733","735","765","766","767","903","SkyBus Box Hill"],"lines":"201, 270, 271, 279, 281, 284, 293, 302, 612, 732, 733, 735, 765, 766, 767, 903, SkyBus Box Hill"},"geometry":{"type":"LineString","coordinates":[[145.122637,-37.819547],[145.122631,-37.819575],[145.122631,-37.819584],[145.122635,-37.819591],[145.122645,-37.819596],[145.122714,-37.819618],[145.123364,-37.819623],[145.123528,-37.819645]]}},{"type":"Feature","properties":{"mode":"bus","n":17,"arr":["201","270","271","279","281","284","293","302","612","732","733","735","765","766","767","903","SkyBus Box Hill"],"lines":"201, 270, 271, 279, 281, 284, 293, 302, 612, 732, 733, 735, 765, 766, 767, 903, SkyBus Box Hill"},"geometry":{"type":"LineString","coordinates":[[145.122112,-37.819634],[145.122218,-37.819197],[145.122236,-37.819183],[145.122247,-37.819178],[145.122259,-37.819178],[145.122614,-37.819218],[145.122688,-37.819243],[145.122703,-37.819271],[145.122656,-37.819467]]}},{"type":"Feature","properties":{"mode":"bus","n":16,"arr":["201","270","271","279","281","284","293","302","612","732","735","765","766","767","903","SkyBus Box Hill"],"lines":"201, 270, 271, 279, 281, 284, 293, 302, 612, 732, 735, 765, 766, 767, 903, SkyBus Box Hill"},"geometry":{"type":"LineString","coordinates":[[145.122656,-37.819467],[145.122637,-37.819547]]}},{"type":"Feature","properties":{"mode":"bus","n":14,"arr":["201","270","271","279","284","302","612","732","733","765","766","767","903","SkyBus Box Hill"],"lines":"201, 270, 271, 279, 284, 302, 612, 732, 733, 765, 766, 767, 903, SkyBus Box Hill"},"geometry":{"type":"LineString","coordinates":[[145.122045,-37.819917],[145.122029,-37.819984]]}},{"type":"Feature","properties":{"mode":"bus","n":15,"arr":["201","270","271","279","281","284","293","302","732","733","765","766","767","903","SkyBus Box Hill"],"lines":"201, 270, 271, 279, 281, 284, 293, 302, 732, 733, 765, 766, 767, 903, SkyBus Box Hill"},"geometry":{"type":"LineString","coordinates":[[145.12232,-37.820109],[145.122391,-37.82012]]}},{"type":"Feature","properties":{"mode":"bus","n":5,"arr":["207","284","285","907","908"],"lines":"207, 284, 285, 907, 908"},"geometry":{"type":"LineString","coordinates":[[145.10349,-37.78824],[145.104543,-37.788132]]}},{"type":"Feature","properties":{"mode":"bus","n":5,"arr":["207","284","285","907","908"],"lines":"207, 284, 285, 907, 908"},"geometry":{"type":"LineString","coordinates":[[145.104765,-37.788249],[145.104182,-37.788272],[145.103726,-37.788318],[145.103091,-37.78842]]}},{"type":"Feature","properties":{"mode":"bus","n":5,"arr":["207","282","284","285","907"],"lines":"207, 282, 284, 285, 907"},"geometry":{"type":"LineString","coordinates":[[145.10517,-37.788126],[145.105502,-37.788131],[145.106649,-37.787999]]}},{"type":"Feature","properties":{"mode":"bus","n":6,"arr":["207","281","282","293","304","907"],"lines":"207, 281, 282, 293, 304, 907"},"geometry":{"type":"LineString","coordinates":[[145.123584,-37.787508],[145.123996,-37.78745]]}},{"type":"Feature","properties":{"mode":"bus","n":5,"arr":["207","281","282","293","304"],"lines":"207, 281, 282, 293, 304"},"geometry":{"type":"LineString","coordinates":[[145.123996,-37.78745],[145.124373,-37.787306],[145.124491,-37.787231],[145.124595,-37.78709],[145.124651,-37.786826]]}},{"type":"Feature","properties":{"mode":"bus","n":10,"arr":["207","280","281","282","293","295","304","902","903","SkyBus Box Hill"],"lines":"207, 280, 281, 282, 293, 295, 304, 902, 903, SkyBus Box Hill"},"geometry":{"type":"LineString","coordinates":[[145.124651,-37.786826],[145.124472,-37.785642],[145.124289,-37.784692],[145.124289,-37.784676],[145.124295,-37.784664],[145.124308,-37.784657],[145.124328,-37.784654],[145.12445,-37.784649],[145.124476,-37.784652],[145.124494,-37.784663],[145.124502,-37.784683],[145.124637,-37.785455],[145.12465,-37.785754],[145.124821,-37.786806]]}},{"type":"Feature","properties":{"mode":"bus","n":11,"arr":["207","280","281","282","293","295","304","305","902","903","SkyBus Box Hill"],"lines":"207, 280, 281, 282, 293, 295, 304, 305, 902, 903, SkyBus Box Hill"},"geometry":{"type":"LineString","coordinates":[[145.124815,-37.783503],[145.124647,-37.783337],[145.124615,-37.783316],[145.124573,-37.783309],[145.124263,-37.783313],[145.124243,-37.783315],[145.12423,-37.783322],[145.124224,-37.783333],[145.124224,-37.783349],[145.124489,-37.784611],[145.124498,-37.784632],[145.124515,-37.784645],[145.124541,-37.784652],[145.124821,-37.784685],[145.124862,-37.784682],[145.124897,-37.784664],[145.124978,-37.784595]]}},{"type":"Feature","properties":{"mode":"bus","n":8,"arr":["207","281","293","295","304","305","902","903"],"lines":"207, 281, 293, 295, 304, 305, 902, 903"},"geometry":{"type":"LineString","coordinates":[[145.124978,-37.784595],[145.124986,-37.784527],[145.124909,-37.78431],[145.124865,-37.783601],[145.124815,-37.783503]]}},{"type":"Feature","properties":{"mode":"bus","n":7,"arr":["207","280","281","293","304","903","SkyBus Box Hill"],"lines":"207, 280, 281, 293, 304, 903, SkyBus Box Hill"},"geometry":{"type":"LineString","coordinates":[[145.124821,-37.786806],[145.124987,-37.787481]]}},{"type":"Feature","properties":{"mode":"bus","n":8,"arr":["207","280","281","293","295","304","902","907"],"lines":"207, 280, 281, 293, 295, 304, 902, 907"},"geometry":{"type":"LineString","coordinates":[[145.124987,-37.787481],[145.124753,-37.787508]]}},{"type":"Feature","properties":{"mode":"bus","n":6,"arr":["207","280","281","293","304","907"],"lines":"207, 280, 281, 293, 304, 907"},"geometry":{"type":"LineString","coordinates":[[145.124753,-37.787508],[145.124132,-37.787569]]}},{"type":"Feature","properties":{"mode":"bus","n":5,"arr":["207","280","284","285","907"],"lines":"207, 280, 284, 285, 907"},"geometry":{"type":"LineString","coordinates":[[145.106633,-37.788128],[145.106015,-37.788218],[145.104928,-37.788247]]}},{"type":"Feature","properties":{"mode":"bus","n":6,"arr":["207","280","284","285","907","908"],"lines":"207, 280, 284, 285, 907, 908"},"geometry":{"type":"LineString","coordinates":[[145.104928,-37.788247],[145.104765,-37.788249]]}},{"type":"Feature","properties":{"mode":"bus","n":5,"arr":["215","223","406","408","409"],"lines":"215, 223, 406, 408, 409"},"geometry":{"type":"LineString","coordinates":[[144.886601,-37.772874],[144.886262,-37.772926],[144.886191,-37.772962],[144.886162,-37.77301],[144.885866,-37.774682],[144.885652,-37.775569]]}},{"type":"Feature","properties":{"mode":"bus","n":5,"arr":["215","223","406","408","409"],"lines":"215, 223, 406, 408, 409"},"geometry":{"type":"LineString","coordinates":[[144.885504,-37.775549],[144.885655,-37.774877],[144.886039,-37.772802]]}},{"type":"Feature","properties":{"mode":"bus","n":6,"arr":["215","223","406","407","408","409"],"lines":"215, 223, 406, 407, 408, 409"},"geometry":{"type":"LineString","coordinates":[[144.887527,-37.773008],[144.887589,-37.773022]]}},{"type":"Feature","properties":{"mode":"bus","n":6,"arr":["216","220","234","236","605","959"],"lines":"216, 220, 234, 236, 605, 959"},"geometry":{"type":"LineString","coordinates":[[144.961821,-37.817575],[144.961508,-37.816881]]}},{"type":"Feature","properties":{"mode":"bus","n":7,"arr":["216","220","232","234","236","605","959"],"lines":"216, 220, 232, 234, 236, 605, 959"},"geometry":{"type":"LineString","coordinates":[[144.961508,-37.816881],[144.961398,-37.816656]]}},{"type":"Feature","properties":{"mode":"bus","n":7,"arr":["216","220","232","234","236","605","959"],"lines":"216, 220, 232, 234, 236, 605, 959"},"geometry":{"type":"LineString","coordinates":[[144.959842,-37.812922],[144.959885,-37.813017]]}},{"type":"Feature","properties":{"mode":"bus","n":9,"arr":["216","220","232","234","236","303","309","605","959"],"lines":"216, 220, 232, 234, 236, 303, 309, 605, 959"},"geometry":{"type":"LineString","coordinates":[[144.961398,-37.816656],[144.961136,-37.816105]]}},{"type":"Feature","properties":{"mode":"bus","n":9,"arr":["216","302","304","305","318","905","906","907","908"],"lines":"216, 302, 304, 305, 318, 905, 906, 907, 908"},"geometry":{"type":"LineString","coordinates":[[144.959752,-37.813055],[144.955471,-37.814287]]}},{"type":"Feature","properties":{"mode":"bus","n":9,"arr":["216","302","304","305","318","905","906","907","908"],"lines":"216, 302, 304, 305, 318, 905, 906, 907, 908"},"geometry":{"type":"LineString","coordinates":[[144.955209,-37.814256],[144.957384,-37.813629]]}},{"type":"Feature","properties":{"mode":"bus","n":5,"arr":["216","223","402","404","406"],"lines":"216, 223, 402, 404, 406"},"geometry":{"type":"LineString","coordinates":[[144.902178,-37.800054],[144.902865,-37.800132]]}},{"type":"Feature","properties":{"mode":"bus","n":8,"arr":["216","220","410","411","412","414","472","947"],"lines":"216, 220, 410, 411, 412, 414, 472, 947"},"geometry":{"type":"LineString","coordinates":[[144.900476,-37.800961],[144.900917,-37.801021]]}},{"type":"Feature","properties":{"mode":"bus","n":8,"arr":["216","220","410","411","412","414","472","947"],"lines":"216, 220, 410, 411, 412, 414, 472, 947"},"geometry":{"type":"LineString","coordinates":[[144.898011,-37.800729],[144.899181,-37.800865],[144.899544,-37.800847],[144.900281,-37.800937]]}},{"type":"Feature","properties":{"mode":"bus","n":7,"arr":["216","220","410","411","414","472","947"],"lines":"216, 220, 410, 411, 414, 472, 947"},"geometry":{"type":"LineString","coordinates":[[144.900281,-37.800937],[144.900476,-37.800961]]}},{"type":"Feature","properties":{"mode":"bus","n":11,"arr":["216","220","408","410","420","422","427","428","471","941","SkyBus Sunshine"],"lines":"216, 220, 408, 410, 420, 422, 427, 428, 471, 941, SkyBus Sunshine"},"geometry":{"type":"LineString","coordinates":[[144.833536,-37.787715],[144.83371,-37.787517]]}},{"type":"Feature","properties":{"mode":"bus","n":6,"arr":["216","420","422","426","456","471"],"lines":"216, 420, 422, 426, 456, 471"},"geometry":{"type":"LineString","coordinates":[[144.832776,-37.78674],[144.832731,-37.786735]]}},{"type":"Feature","properties":{"mode":"bus","n":9,"arr":["216","220","400","410","426","429","456","941","SkyBus Sunshine"],"lines":"216, 220, 400, 410, 426, 429, 456, 941, SkyBus Sunshine"},"geometry":{"type":"LineString","coordinates":[[144.832731,-37.786735],[144.832611,-37.786722]]}},{"type":"Feature","properties":{"mode":"bus","n":10,"arr":["216","220","223","409","410","411","412","414","472","947"],"lines":"216, 220, 223, 409, 410, 411, 412, 414, 472, 947"},"geometry":{"type":"LineString","coordinates":[[144.899124,-37.802288],[144.899549,-37.802157],[144.900876,-37.801594]]}},{"type":"Feature","properties":{"mode":"bus","n":5,"arr":["216","223","402","404","409"],"lines":"216, 223, 402, 404, 409"},"geometry":{"type":"LineString","coordinates":[[144.900876,-37.801594],[144.901632,-37.801266]]}},{"type":"Feature","properties":{"mode":"bus","n":6,"arr":["216","223","402","404","406","409"],"lines":"216, 223, 402, 404, 406, 409"},"geometry":{"type":"LineString","coordinates":[[144.901632,-37.801266],[144.903077,-37.800641],[144.903304,-37.800487],[144.903355,-37.800249]]}},{"type":"Feature","properties":{"mode":"bus","n":5,"arr":["216","223","404","406","409"],"lines":"216, 223, 404, 406, 409"},"geometry":{"type":"LineString","coordinates":[[144.903355,-37.800249],[144.903373,-37.800161]]}},{"type":"Feature","properties":{"mode":"bus","n":11,"arr":["216","234","236","302","304","305","318","905","906","907","908"],"lines":"216, 234, 236, 302, 304, 305, 318, 905, 906, 907, 908"},"geometry":{"type":"LineString","coordinates":[[144.957384,-37.813629],[144.959707,-37.812961]]}},{"type":"Feature","properties":{"mode":"bus","n":6,"arr":["216","220","232","234","236","605"],"lines":"216, 220, 232, 234, 236, 605"},"geometry":{"type":"LineString","coordinates":[[144.961163,-37.815785],[144.961531,-37.816608]]}},{"type":"Feature","properties":{"mode":"bus","n":6,"arr":["220","232","234","236","605","959"],"lines":"220, 232, 234, 236, 605, 959"},"geometry":{"type":"LineString","coordinates":[[144.958836,-37.811083],[144.959707,-37.812961]]}},{"type":"Feature","properties":{"mode":"bus","n":7,"arr":["220","223","409","411","412","414","947"],"lines":"220, 223, 409, 411, 412, 414, 947"},"geometry":{"type":"LineString","coordinates":[[144.898785,-37.804151],[144.899124,-37.802288]]}},{"type":"Feature","properties":{"mode":"bus","n":9,"arr":["220","402","404","410","411","412","414","472","947"],"lines":"220, 402, 404, 410, 411, 412, 414, 472, 947"},"geometry":{"type":"LineString","coordinates":[[144.900917,-37.801021],[144.900837,-37.801476],[144.900876,-37.801594]]}},{"type":"Feature","properties":{"mode":"bus","n":5,"arr":["220","408","410","903","941"],"lines":"220, 408, 410, 903, 941"},"geometry":{"type":"LineString","coordinates":[[144.831845,-37.786374],[144.831836,-37.786217],[144.832082,-37.784855]]}},{"type":"Feature","properties":{"mode":"bus","n":9,"arr":["220","400","410","420","422","429","471","941","SkyBus Sunshine"],"lines":"220, 400, 410, 420, 422, 429, 471, 941, SkyBus Sunshine"},"geometry":{"type":"LineString","coordinates":[[144.832692,-37.787134],[144.832731,-37.786735]]}},{"type":"Feature","properties":{"mode":"bus","n":9,"arr":["220","400","410","420","422","429","471","941","SkyBus Sunshine"],"lines":"220, 400, 410, 420, 422, 429, 471, 941, SkyBus Sunshine"},"geometry":{"type":"LineString","coordinates":[[144.833237,-37.787355],[144.83276,-37.7873],[144.832711,-37.78726],[144.832691,-37.787236],[144.832686,-37.787208],[144.83269,-37.787144]]}},{"type":"Feature","properties":{"mode":"bus","n":7,"arr":["400","410","420","422","429","471","SkyBus Sunshine"],"lines":"400, 410, 420, 422, 429, 471, SkyBus Sunshine"},"geometry":{"type":"LineString","coordinates":[[144.83269,-37.787144],[144.832692,-37.787134]]}},{"type":"Feature","properties":{"mode":"bus","n":13,"arr":["220","400","410","420","422","426","427","428","429","456","471","941","SkyBus Sunshine"],"lines":"220, 400, 410, 420, 422, 426, 427, 428, 429, 456, 471, 941, SkyBus Sunshine"},"geometry":{"type":"LineString","coordinates":[[144.833375,-37.787525],[144.833237,-37.787355]]}},{"type":"Feature","properties":{"mode":"bus","n":5,"arr":["220","408","410","941","SkyBus Sunshine"],"lines":"220, 408, 410, 941, SkyBus Sunshine"},"geometry":{"type":"LineString","coordinates":[[144.83371,-37.787517],[144.833774,-37.787387],[144.833735,-37.787102],[144.83375,-37.786833],[144.834004,-37.785123],[144.834002,-37.785102],[144.833988,-37.785089],[144.833964,-37.785082],[144.833246,-37.784995]]}},{"type":"Feature","properties":{"mode":"bus","n":5,"arr":["220","232","234","236","959"],"lines":"220, 232, 234, 236, 959"},"geometry":{"type":"LineString","coordinates":[[144.956261,-37.810569],[144.956007,-37.810643]]}},{"type":"Feature","properties":{"mode":"bus","n":5,"arr":["220","234","236","605","959"],"lines":"220, 234, 236, 605, 959"},"geometry":{"type":"LineString","coordinates":[[144.958252,-37.809997],[144.958344,-37.809971]]}},{"type":"Feature","properties":{"mode":"bus","n":6,"arr":["223","409","411","412","414","947"],"lines":"223, 409, 411, 412, 414, 947"},"geometry":{"type":"LineString","coordinates":[[144.897424,-37.803976],[144.898785,-37.804151]]}},{"type":"Feature","properties":{"mode":"bus","n":5,"arr":["223","411","412","414","947"],"lines":"223, 411, 412, 414, 947"},"geometry":{"type":"LineString","coordinates":[[144.892373,-37.8033],[144.892472,-37.803337],[144.89284,-37.80339],[144.897424,-37.803976]]}},{"type":"Feature","properties":{"mode":"bus","n":5,"arr":["232","411","412","903","947"],"lines":"232, 411, 412, 903, 947"},"geometry":{"type":"LineString","coordinates":[[144.849213,-37.825487],[144.849212,-37.825815],[144.849009,-37.827096]]}},{"type":"Feature","properties":{"mode":"bus","n":5,"arr":["232","411","412","903","947"],"lines":"232, 411, 412, 903, 947"},"geometry":{"type":"LineString","coordinates":[[144.848894,-37.827074],[144.849048,-37.825956],[144.849051,-37.825519],[144.848988,-37.825273],[144.848593,-37.82437]]}},{"type":"Feature","properties":{"mode":"bus","n":6,"arr":["232","411","412","471","903","947"],"lines":"232, 411, 412, 471, 903, 947"},"geometry":{"type":"LineString","coordinates":[[144.849009,-37.827096],[144.848355,-37.831028]]}},{"type":"Feature","properties":{"mode":"bus","n":6,"arr":["232","411","412","471","903","947"],"lines":"232, 411, 412, 471, 903, 947"},"geometry":{"type":"LineString","coordinates":[[144.848206,-37.831217],[144.848894,-37.827074]]}},{"type":"Feature","properties":{"mode":"bus","n":5,"arr":["232","411","432","903","947"],"lines":"232, 411, 432, 903, 947"},"geometry":{"type":"LineString","coordinates":[[144.847541,-37.835836],[144.847098,-37.838432]]}},{"type":"Feature","properties":{"mode":"bus","n":5,"arr":["232","411","432","903","947"],"lines":"232, 411, 432, 903, 947"},"geometry":{"type":"LineString","coordinates":[[144.846948,-37.838509],[144.847376,-37.836048]]}},{"type":"Feature","properties":{"mode":"bus","n":5,"arr":["232","234","236","605","959"],"lines":"232, 234, 236, 605, 959"},"geometry":{"type":"LineString","coordinates":[[144.958424,-37.810151],[144.958836,-37.811083]]}},{"type":"Feature","properties":{"mode":"bus","n":12,"arr":["246","302","303","304","305","309","318","350","905","906","907","908"],"lines":"246, 302, 303, 304, 305, 309, 318, 350, 905, 906, 907, 908"},"geometry":{"type":"LineString","coordinates":[[144.993713,-37.796074],[144.993459,-37.797871],[144.992522,-37.803241],[144.991433,-37.809902]]}},{"type":"Feature","properties":{"mode":"bus","n":12,"arr":["246","302","303","304","305","309","318","350","905","906","907","908"],"lines":"246, 302, 303, 304, 305, 309, 318, 350, 905, 906, 907, 908"},"geometry":{"type":"LineString","coordinates":[[144.991326,-37.809233],[144.992427,-37.802638],[144.992611,-37.801663],[144.992875,-37.799983],[144.993266,-37.797852],[144.993464,-37.796483]]}},{"type":"Feature","properties":{"mode":"bus","n":5,"arr":["246","600","922","923","SkyBus Frankston"],"lines":"246, 600, 922, 923, SkyBus Frankston"},"geometry":{"type":"LineString","coordinates":[[144.981223,-37.867165],[144.982504,-37.860167]]}},{"type":"Feature","properties":{"mode":"bus","n":5,"arr":["246","603","604","606","SkyBus Frankston"],"lines":"246, 603, 604, 606, SkyBus Frankston"},"geometry":{"type":"LineString","coordinates":[[145.000599,-37.885413],[144.999309,-37.886106]]}},{"type":"Feature","properties":{"mode":"bus","n":13,"arr":["250","251","302","303","304","305","309","318","350","905","906","907","908"],"lines":"250, 251, 302, 303, 304, 305, 309, 318, 350, 905, 906, 907, 908"},"geometry":{"type":"LineString","coordinates":[[144.967111,-37.810808],[144.969572,-37.810074]]}},{"type":"Feature","properties":{"mode":"bus","n":13,"arr":["250","251","302","303","304","305","309","318","350","905","906","907","908"],"lines":"250, 251, 302, 303, 304, 305, 309, 318, 350, 905, 906, 907, 908"},"geometry":{"type":"LineString","coordinates":[[144.969765,-37.810138],[144.967306,-37.810864]]}},{"type":"Feature","properties":{"mode":"bus","n":5,"arr":["250","350","513","514","549"],"lines":"250, 350, 513, 514, 549"},"geometry":{"type":"LineString","coordinates":[[145.039955,-37.74954],[145.041276,-37.749689]]}},{"type":"Feature","properties":{"mode":"bus","n":5,"arr":["250","350","513","514","549"],"lines":"250, 350, 513, 514, 549"},"geometry":{"type":"LineString","coordinates":[[145.041222,-37.749857],[145.040926,-37.749806],[145.040045,-37.749716]]}},{"type":"Feature","properties":{"mode":"bus","n":5,"arr":["250","350","548","550","551"],"lines":"250, 350, 548, 550, 551"},"geometry":{"type":"LineString","coordinates":[[145.046104,-37.718056],[145.045901,-37.718026],[145.04573,-37.71797],[145.045122,-37.717673],[145.044934,-37.717565],[145.044716,-37.717307],[145.044693,-37.717289],[145.044662,-37.717282],[145.044597,-37.717279],[145.044454,-37.717347],[145.044355,-37.717342],[145.043729,-37.716959]]}},{"type":"Feature","properties":{"mode":"bus","n":6,"arr":["250","350","513","514","549","903"],"lines":"250, 350, 513, 514, 549, 903"},"geometry":{"type":"LineString","coordinates":[[145.041295,-37.749875],[145.041222,-37.749857]]}},{"type":"Feature","properties":{"mode":"bus","n":5,"arr":["251","517","549","550","903"],"lines":"251, 517, 549, 550, 903"},"geometry":{"type":"LineString","coordinates":[[145.030539,-37.741053],[145.029172,-37.740902],[145.029147,-37.740895],[145.029131,-37.740882],[145.029125,-37.740861],[145.029119,-37.740784],[145.029121,-37.740769],[145.029129,-37.740758],[145.029143,-37.740753],[145.029162,-37.740753],[145.03084,-37.740937]]}},{"type":"Feature","properties":{"mode":"bus","n":10,"arr":["251","382","517","527","549","550","555","556","567","903"],"lines":"251, 382, 517, 527, 549, 550, 555, 556, 567, 903"},"geometry":{"type":"LineString","coordinates":[[145.029151,-37.740572],[145.029124,-37.740712],[145.029115,-37.740732],[145.029098,-37.740742],[145.029072,-37.740743],[145.027736,-37.740593]]}},{"type":"Feature","properties":{"mode":"bus","n":5,"arr":["251","527","549","550","567"],"lines":"251, 527, 549, 550, 567"},"geometry":{"type":"LineString","coordinates":[[145.027778,-37.740309],[145.027944,-37.740328],[145.028275,-37.740471],[145.029151,-37.740572]]}},{"type":"Feature","properties":{"mode":"bus","n":8,"arr":["251","382","517","527","549","550","567","903"],"lines":"251, 382, 517, 527, 549, 550, 567, 903"},"geometry":{"type":"LineString","coordinates":[[145.027778,-37.740309],[145.027736,-37.740593]]}},{"type":"Feature","properties":{"mode":"bus","n":8,"arr":["270","370","736","738","740","765","901","907"],"lines":"270, 370, 736, 738, 740, 765, 901, 907"},"geometry":{"type":"LineString","coordinates":[[145.193678,-37.816432],[145.192334,-37.816628]]}},{"type":"Feature","properties":{"mode":"bus","n":7,"arr":["270","370","736","738","740","765","907"],"lines":"270, 370, 736, 738, 740, 765, 907"},"geometry":{"type":"LineString","coordinates":[[145.192464,-37.817941],[145.192542,-37.817883],[145.192597,-37.81775],[145.192334,-37.816628]]}},{"type":"Feature","properties":{"mode":"bus","n":7,"arr":["270","370","736","738","740","765","907"],"lines":"270, 370, 736, 738, 740, 765, 907"},"geometry":{"type":"LineString","coordinates":[[145.192273,-37.818401],[145.193767,-37.818244],[145.193792,-37.818237],[145.193806,-37.818224],[145.193809,-37.818203],[145.193678,-37.816432]]}},{"type":"Feature","properties":{"mode":"bus","n":6,"arr":["270","370","738","740","765","907"],"lines":"270, 370, 738, 740, 765, 907"},"geometry":{"type":"LineString","coordinates":[[145.19216,-37.817977],[145.192464,-37.817941]]}},{"type":"Feature","properties":{"mode":"bus","n":5,"arr":["271","364","370","668","742"],"lines":"271, 364, 370, 668, 742"},"geometry":{"type":"LineString","coordinates":[[145.230706,-37.810547],[145.230712,-37.811681],[145.230761,-37.811727],[145.23091,-37.814079],[145.23096,-37.814272],[145.231138,-37.814646]]}},{"type":"Feature","properties":{"mode":"bus","n":5,"arr":["271","364","370","668","742"],"lines":"271, 364, 370, 668, 742"},"geometry":{"type":"LineString","coordinates":[[145.22944,-37.815476],[145.229688,-37.81538]]}},{"type":"Feature","properties":{"mode":"bus","n":5,"arr":["271","364","370","668","742"],"lines":"271, 364, 370, 668, 742"},"geometry":{"type":"LineString","coordinates":[[145.227362,-37.815766],[145.227362,-37.815034],[145.227319,-37.814789],[145.227307,-37.811802],[145.22731,-37.811386],[145.227364,-37.811269],[145.227343,-37.810408]]}},{"type":"Feature","properties":{"mode":"bus","n":5,"arr":["271","364","370","668","742"],"lines":"271, 364, 370, 668, 742"},"geometry":{"type":"LineString","coordinates":[[145.227641,-37.810429],[145.229125,-37.810538],[145.230195,-37.810552]]}},{"type":"Feature","properties":{"mode":"bus","n":6,"arr":["271","364","370","668","670","742"],"lines":"271, 364, 370, 668, 670, 742"},"geometry":{"type":"LineString","coordinates":[[145.231138,-37.814646],[145.230832,-37.814753]]}},{"type":"Feature","properties":{"mode":"bus","n":9,"arr":["271","364","370","668","669","670","679","742","901"],"lines":"271, 364, 370, 668, 669, 670, 679, 742, 901"},"geometry":{"type":"LineString","coordinates":[[145.230832,-37.814753],[145.228233,-37.815501],[145.22733,-37.815904]]}},{"type":"Feature","properties":{"mode":"bus","n":6,"arr":["271","364","370","668","669","742"],"lines":"271, 364, 370, 668, 669, 742"},"geometry":{"type":"LineString","coordinates":[[145.227736,-37.815724],[145.227987,-37.816046],[145.228005,-37.816062],[145.228026,-37.816066],[145.228052,-37.816061],[145.228569,-37.815854],[145.229013,-37.815629],[145.22944,-37.815476]]}},{"type":"Feature","properties":{"mode":"bus","n":6,"arr":["271","364","370","668","669","742"],"lines":"271, 364, 370, 668, 669, 742"},"geometry":{"type":"LineString","coordinates":[[145.229688,-37.81538],[145.230333,-37.815107],[145.230386,-37.815051],[145.230387,-37.814998],[145.230336,-37.814894]]}},{"type":"Feature","properties":{"mode":"bus","n":6,"arr":["271","364","370","668","742","901"],"lines":"271, 364, 370, 668, 742, 901"},"geometry":{"type":"LineString","coordinates":[[145.22733,-37.815904],[145.227362,-37.815766]]}},{"type":"Feature","properties":{"mode":"bus","n":7,"arr":["273","282","305","901","905","906","908"],"lines":"273, 282, 305, 901, 905, 906, 908"},"geometry":{"type":"LineString","coordinates":[[145.168908,-37.763848],[145.169016,-37.763858]]}},{"type":"Feature","properties":{"mode":"bus","n":5,"arr":["273","282","309","901","905"],"lines":"273, 282, 309, 901, 905"},"geometry":{"type":"LineString","coordinates":[[145.166486,-37.763558],[145.166593,-37.763572]]}},{"type":"Feature","properties":{"mode":"bus","n":6,"arr":["273","295","901","905","906","908"],"lines":"273, 295, 901, 905, 906, 908"},"geometry":{"type":"LineString","coordinates":[[145.166486,-37.763558],[145.1665,-37.763415]]}},{"type":"Feature","properties":{"mode":"bus","n":6,"arr":["273","280","295","309","901","905"],"lines":"273, 280, 295, 309, 901, 905"},"geometry":{"type":"LineString","coordinates":[[145.166546,-37.763161],[145.166731,-37.762263]]}},{"type":"Feature","properties":{"mode":"bus","n":5,"arr":["273","280","295","309","901"],"lines":"273, 280, 295, 309, 901"},"geometry":{"type":"LineString","coordinates":[[145.166731,-37.762263],[145.166841,-37.761866],[145.16685,-37.76185],[145.166868,-37.761839],[145.166908,-37.761823],[145.16704,-37.761833],[145.167248,-37.761878]]}},{"type":"Feature","properties":{"mode":"bus","n":7,"arr":["273","280","282","295","309","901","906"],"lines":"273, 280, 282, 295, 309, 901, 906"},"geometry":{"type":"LineString","coordinates":[[145.167248,-37.761878],[145.16737,-37.761922],[145.167409,-37.761992],[145.167405,-37.762365],[145.167441,-37.762512]]}},{"type":"Feature","properties":{"mode":"bus","n":6,"arr":["273","282","295","309","901","906"],"lines":"273, 282, 295, 309, 901, 906"},"geometry":{"type":"LineString","coordinates":[[145.166879,-37.761989],[145.167018,-37.761882],[145.167248,-37.761878]]}},{"type":"Feature","properties":{"mode":"bus","n":7,"arr":["273","282","295","309","901","905","906"],"lines":"273, 282, 295, 309, 901, 905, 906"},"geometry":{"type":"LineString","coordinates":[[145.16667,-37.763137],[145.166879,-37.761989]]}},{"type":"Feature","properties":{"mode":"bus","n":5,"arr":["273","901","905","906","908"],"lines":"273, 901, 905, 906, 908"},"geometry":{"type":"LineString","coordinates":[[145.16687,-37.763453],[145.168925,-37.763705]]}},{"type":"Feature","properties":{"mode":"bus","n":5,"arr":["280","282","305","901","906"],"lines":"280, 282, 305, 901, 906"},"geometry":{"type":"LineString","coordinates":[[145.168937,-37.762943],[145.168517,-37.762895]]}},{"type":"Feature","properties":{"mode":"bus","n":7,"arr":["280","282","305","901","905","906","908"],"lines":"280, 282, 305, 901, 905, 906, 908"},"geometry":{"type":"LineString","coordinates":[[145.169065,-37.763156],[145.169078,-37.763018],[145.169043,-37.76298],[145.168937,-37.762943]]}},{"type":"Feature","properties":{"mode":"bus","n":6,"arr":["280","305","901","905","906","908"],"lines":"280, 305, 901, 905, 906, 908"},"geometry":{"type":"LineString","coordinates":[[145.169065,-37.763156],[145.169083,-37.763308],[145.169028,-37.763715]]}},{"type":"Feature","properties":{"mode":"bus","n":5,"arr":["280","305","318","901","906"],"lines":"280, 305, 318, 901, 906"},"geometry":{"type":"LineString","coordinates":[[145.164758,-37.777327],[145.164497,-37.777569]]}},{"type":"Feature","properties":{"mode":"bus","n":5,"arr":["280","295","902","903","SkyBus Box Hill"],"lines":"280, 295, 902, 903, SkyBus Box Hill"},"geometry":{"type":"LineString","coordinates":[[145.124651,-37.786826],[145.124753,-37.787508]]}},{"type":"Feature","properties":{"mode":"bus","n":7,"arr":["280","281","282","293","902","903","SkyBus Box Hill"],"lines":"280, 281, 282, 293, 902, 903, SkyBus Box Hill"},"geometry":{"type":"LineString","coordinates":[[145.124978,-37.784595],[145.125029,-37.784412],[145.12502,-37.783767],[145.125003,-37.783666],[145.124815,-37.783503]]}},{"type":"Feature","properties":{"mode":"bus","n":5,"arr":["280","293","901","902","SkyBus Box Hill"],"lines":"280, 293, 901, 902, SkyBus Box Hill"},"geometry":{"type":"LineString","coordinates":[[145.134096,-37.759149],[145.134228,-37.758208],[145.134495,-37.756849],[145.134694,-37.755271],[145.135007,-37.753347],[145.135093,-37.752559]]}},{"type":"Feature","properties":{"mode":"bus","n":6,"arr":["281","293","305","902","903","SkyBus Box Hill"],"lines":"281, 293, 305, 902, 903, SkyBus Box Hill"},"geometry":{"type":"LineString","coordinates":[[145.123486,-37.779906],[145.123623,-37.780262],[145.124055,-37.782614],[145.124209,-37.783278],[145.12421,-37.783293],[145.124204,-37.783304],[145.124191,-37.78331],[145.124171,-37.783312],[145.124065,-37.783308],[145.124038,-37.783304],[145.12402,-37.783291],[145.12401,-37.783272],[145.123933,-37.782978],[145.123462,-37.780354],[145.12324,-37.779808],[145.123012,-37.779523]]}},{"type":"Feature","properties":{"mode":"bus","n":5,"arr":["282","295","309","901","906"],"lines":"282, 295, 309, 901, 906"},"geometry":{"type":"LineString","coordinates":[[145.166593,-37.763572],[145.16667,-37.763137]]}},{"type":"Feature","properties":{"mode":"bus","n":5,"arr":["282","293","901","902","SkyBus Box Hill"],"lines":"282, 293, 901, 902, SkyBus Box Hill"},"geometry":{"type":"LineString","coordinates":[[145.134862,-37.752656],[145.134791,-37.753445],[145.134511,-37.75525],[145.134317,-37.756771],[145.133809,-37.759675]]}},{"type":"Feature","properties":{"mode":"bus","n":6,"arr":["282","305","901","905","906","908"],"lines":"282, 305, 901, 905, 906, 908"},"geometry":{"type":"LineString","coordinates":[[145.168925,-37.763705],[145.169007,-37.763251],[145.169065,-37.763156]]}},{"type":"Feature","properties":{"mode":"bus","n":7,"arr":["293","343","385","518","566","901","902"],"lines":"293, 343, 385, 518, 566, 901, 902"},"geometry":{"type":"LineString","coordinates":[[145.107311,-37.703677],[145.107145,-37.703503],[145.107131,-37.703492],[145.107116,-37.703487],[145.1071,-37.703488],[145.107082,-37.703496],[145.10701,-37.703541]]}},{"type":"Feature","properties":{"mode":"bus","n":7,"arr":["293","343","385","518","566","901","902"],"lines":"293, 343, 385, 518, 566, 901, 902"},"geometry":{"type":"LineString","coordinates":[[145.10671,-37.703315],[145.106835,-37.703238],[145.106849,-37.703227],[145.106855,-37.703215],[145.106853,-37.703202],[145.106842,-37.703188],[145.10668,-37.703029],[145.106438,-37.702845],[145.105845,-37.70255]]}},{"type":"Feature","properties":{"mode":"bus","n":5,"arr":["293","343","385","518","566"],"lines":"293, 343, 385, 518, 566"},"geometry":{"type":"LineString","coordinates":[[145.10701,-37.703541],[145.106966,-37.703568]]}},{"type":"Feature","properties":{"mode":"bus","n":5,"arr":["293","343","385","518","566"],"lines":"293, 343, 385, 518, 566"},"geometry":{"type":"LineString","coordinates":[[145.106643,-37.703357],[145.10671,-37.703315]]}},{"type":"Feature","properties":{"mode":"bus","n":5,"arr":["293","343","385","518","566"],"lines":"293, 343, 385, 518, 566"},"geometry":{"type":"LineString","coordinates":[[145.102817,-37.704542],[145.102949,-37.704598],[145.105358,-37.704887],[145.105384,-37.704886],[145.105404,-37.704876],[145.105416,-37.704858],[145.105443,-37.704788],[145.105586,-37.704665],[145.105693,-37.704608],[145.105828,-37.704571],[145.107311,-37.703677]]}},{"type":"Feature","properties":{"mode":"bus","n":8,"arr":["293","343","385","514","517","518","566","902"],"lines":"293, 343, 385, 514, 517, 518, 566, 902"},"geometry":{"type":"LineString","coordinates":[[145.104338,-37.703463],[145.1049,-37.703096],[145.105071,-37.703031],[145.105442,-37.702801]]}},{"type":"Feature","properties":{"mode":"bus","n":8,"arr":["293","343","385","514","517","518","566","902"],"lines":"293, 343, 385, 514, 517, 518, 566, 902"},"geometry":{"type":"LineString","coordinates":[[145.102847,-37.704349],[145.103062,-37.70429],[145.103115,-37.704231]]}},{"type":"Feature","properties":{"mode":"bus","n":5,"arr":["301","552","555","556","561"],"lines":"301, 552, 555, 556, 561"},"geometry":{"type":"LineString","coordinates":[[145.007736,-37.716674],[145.007461,-37.716673],[145.007254,-37.716757],[145.006877,-37.717406],[145.006748,-37.717847],[145.006747,-37.717868],[145.006757,-37.717885],[145.006779,-37.717897],[145.007143,-37.718034],[145.007392,-37.718055],[145.007418,-37.718053],[145.007435,-37.718043],[145.007443,-37.718023],[145.007534,-37.717476],[145.007697,-37.716806],[145.007707,-37.716787],[145.007725,-37.716778],[145.007751,-37.716777],[145.010424,-37.717132],[145.012719,-37.717398]]}},{"type":"Feature","properties":{"mode":"bus","n":11,"arr":["302","303","304","305","309","318","350","905","906","907","908"],"lines":"302, 303, 304, 305, 309, 318, 350, 905, 906, 907, 908"},"geometry":{"type":"LineString","coordinates":[[144.969572,-37.810074],[144.972004,-37.809355],[144.972026,-37.809344],[144.972035,-37.809328],[144.972031,-37.809308],[144.971446,-37.80804],[144.971471,-37.80778],[144.971439,-37.807598],[144.971461,-37.807537]]}},{"type":"Feature","properties":{"mode":"bus","n":11,"arr":["302","303","304","305","309","318","350","905","906","907","908"],"lines":"302, 303, 304, 305, 309, 318, 350, 905, 906, 907, 908"},"geometry":{"type":"LineString","coordinates":[[144.971946,-37.807958],[144.971665,-37.807984],[144.971639,-37.808],[144.971628,-37.80801],[144.971623,-37.808023],[144.971617,-37.808068],[144.972224,-37.809378],[144.972228,-37.809398],[144.972219,-37.809414],[144.972197,-37.809425],[144.969765,-37.810138]]}},{"type":"Feature","properties":{"mode":"bus","n":11,"arr":["302","303","304","305","309","318","350","905","906","907","908"],"lines":"302, 303, 304, 305, 309, 318, 350, 905, 906, 907, 908"},"geometry":{"type":"LineString","coordinates":[[144.97544,-37.807959],[144.978645,-37.808286],[144.979198,-37.808362],[144.982713,-37.80874],[144.983734,-37.808826],[144.98481,-37.808959],[144.990871,-37.809566],[144.991036,-37.809525],[144.991125,-37.80948],[144.991245,-37.809366],[144.991326,-37.809233]]}},{"type":"Feature","properties":{"mode":"bus","n":11,"arr":["302","303","304","305","309","318","350","905","906","907","908"],"lines":"302, 303, 304, 305, 309, 318, 350, 905, 906, 907, 908"},"geometry":{"type":"LineString","coordinates":[[144.991433,-37.809902],[144.99085,-37.80999],[144.99041,-37.809988],[144.989213,-37.809864],[144.98737,-37.809633],[144.985346,-37.809444],[144.983896,-37.809264],[144.982668,-37.809155],[144.98197,-37.809056],[144.978705,-37.808691],[144.976205,-37.808447],[144.975417,-37.808348]]}},{"type":"Feature","properties":{"mode":"bus","n":11,"arr":["302","303","304","305","309","318","350","905","906","907","908"],"lines":"302, 303, 304, 305, 309, 318, 350, 905, 906, 907, 908"},"geometry":{"type":"LineString","coordinates":[[144.993464,-37.796483],[144.993468,-37.796149],[144.993702,-37.794908],[144.993699,-37.794803],[144.993657,-37.794725],[144.993543,-37.794658],[144.993454,-37.794637],[144.99202,-37.794496],[144.991825,-37.794505],[144.991721,-37.794544],[144.99165,-37.794623],[144.991644,-37.79472],[144.991711,-37.79481],[144.991912,-37.794892],[144.992564,-37.795044],[144.997601,-37.795387],[144.998987,-37.795393],[144.999705,-37.795333],[145.000815,-37.795173],[145.001603,-37.795019],[145.002443,-37.794825],[145.003583,-37.794508],[145.006166,-37.793663],[145.009093,-37.792599],[145.010787,-37.792018],[145.012158,-37.791615],[145.013753,-37.791234],[145.014299,-37.791132],[145.015418,-37.790965],[145.016289,-37.790894],[145.017145,-37.790864],[145.01797,-37.790864],[145.019108,-37.79091],[145.021052,-37.791064]]}},{"type":"Feature","properties":{"mode":"bus","n":11,"arr":["302","303","304","305","309","318","350","905","906","907","908"],"lines":"302, 303, 304, 305, 309, 318, 350, 905, 906, 907, 908"},"geometry":{"type":"LineString","coordinates":[[145.029455,-37.792094],[145.028718,-37.791904],[145.028422,-37.791851],[145.027948,-37.791811],[145.027298,-37.791791],[145.025017,-37.791799],[145.023939,-37.791738],[145.022485,-37.791607],[145.021984,-37.791486],[145.018921,-37.791248],[145.017916,-37.791206],[145.017091,-37.791204],[145.016146,-37.791253],[145.015583,-37.791307],[145.014515,-37.791456],[145.013515,-37.791644],[145.012579,-37.791867],[145.011584,-37.792146],[145.011034,-37.792313],[145.00923,-37.792927],[145.005897,-37.79414],[145.004745,-37.79453],[145.002848,-37.79509],[145.001687,-37.795381],[145.000204,-37.79565],[144.999149,-37.79579],[144.998192,-37.795885],[144.997355,-37.795946],[144.996497,-37.795952],[144.994885,-37.795874],[144.993994,-37.79587],[144.993879,-37.795893],[144.993803,-37.795938],[144.993713,-37.796074]]}},{"type":"Feature","properties":{"mode":"bus","n":12,"arr":["302","303","304","305","309","318","350","402","905","906","907","908"],"lines":"302, 303, 304, 305, 309, 318, 350, 402, 905, 906, 907, 908"},"geometry":{"type":"LineString","coordinates":[[144.971461,-37.807537],[144.972121,-37.80763],[144.97544,-37.807959]]}},{"type":"Feature","properties":{"mode":"bus","n":12,"arr":["302","303","304","305","309","318","350","402","905","906","907","908"],"lines":"302, 303, 304, 305, 309, 318, 350, 402, 905, 906, 907, 908"},"geometry":{"type":"LineString","coordinates":[[144.975417,-37.808348],[144.97417,-37.808193],[144.973365,-37.808126],[144.971946,-37.807958]]}},{"type":"Feature","properties":{"mode":"bus","n":8,"arr":["302","304","305","318","905","906","907","908"],"lines":"302, 304, 305, 318, 905, 906, 907, 908"},"geometry":{"type":"LineString","coordinates":[[144.959885,-37.813017],[144.959752,-37.813055]]}},{"type":"Feature","properties":{"mode":"bus","n":8,"arr":["303","305","309","318","905","906","907","908"],"lines":"303, 305, 309, 318, 905, 906, 907, 908"},"geometry":{"type":"LineString","coordinates":[[145.021052,-37.791064],[145.022854,-37.791191],[145.023701,-37.791225],[145.025249,-37.791234],[145.026989,-37.791173],[145.028198,-37.791083],[145.032399,-37.79062],[145.03375,-37.790497],[145.035033,-37.790414],[145.037111,-37.790339],[145.039811,-37.790318],[145.041915,-37.790361],[145.043453,-37.790444],[145.046933,-37.790766],[145.047882,-37.790819],[145.048778,-37.790803],[145.049219,-37.790771],[145.050089,-37.790646],[145.050826,-37.790484],[145.051635,-37.79024],[145.052419,-37.789927],[145.053126,-37.789577],[145.054017,-37.789057],[145.054586,-37.788676],[145.057041,-37.78686],[145.058029,-37.786197],[145.05882,-37.785741],[145.05922,-37.785538],[145.059629,-37.785347],[145.060303,-37.785079],[145.061208,-37.784811],[145.062025,-37.784635],[145.062434,-37.784574],[145.063193,-37.784503],[145.065537,-37.784426],[145.066207,-37.784377],[145.067095,-37.784274],[145.06811,-37.784126],[145.068779,-37.783998],[145.06945,-37.783839],[145.070056,-37.783679],[145.070938,-37.783409],[145.07197,-37.783013],[145.072761,-37.782638],[145.075572,-37.781196]]}},{"type":"Feature","properties":{"mode":"bus","n":8,"arr":["303","305","309","318","905","906","907","908"],"lines":"303, 305, 309, 318, 905, 906, 907, 908"},"geometry":{"type":"LineString","coordinates":[[145.074238,-37.782167],[145.072698,-37.782897],[145.071682,-37.783316],[145.070342,-37.78377],[145.069407,-37.784023],[145.067915,-37.784335],[145.067218,-37.784447],[145.066269,-37.784552],[145.063814,-37.78476],[145.062593,-37.784921],[145.061555,-37.785129],[145.060551,-37.785428],[145.059845,-37.785706],[145.0595,-37.785867],[145.059052,-37.786097],[145.058348,-37.786504],[145.057388,-37.787135],[145.054904,-37.788919],[145.053951,-37.789533],[145.053235,-37.789936],[145.052536,-37.790268],[145.051851,-37.790536],[145.051187,-37.79075],[145.050555,-37.790906],[145.049518,-37.791082],[145.048731,-37.791149],[145.048133,-37.791163],[145.047159,-37.79113],[145.043828,-37.790802],[145.042784,-37.790731],[145.041268,-37.790667],[145.040168,-37.79065],[145.037937,-37.790658],[145.036704,-37.790675],[145.035074,-37.790738],[145.03348,-37.790846],[145.032941,-37.791006],[145.032148,-37.791137],[145.031094,-37.79135],[145.030565,-37.791477],[145.030296,-37.791569],[145.030104,-37.791683],[145.029803,-37.791944]]}},{"type":"Feature","properties":{"mode":"bus","n":5,"arr":["303","318","906","907","908"],"lines":"303, 318, 906, 907, 908"},"geometry":{"type":"LineString","coordinates":[[145.075572,-37.781196],[145.076558,-37.780753],[145.078178,-37.780151],[145.078981,-37.779945],[145.080392,-37.779694],[145.080959,-37.779625],[145.08187,-37.779572],[145.082652,-37.77958],[145.085181,-37.779774],[145.08663,-37.779843],[145.087401,-37.779847]]}},{"type":"Feature","properties":{"mode":"bus","n":5,"arr":["303","318","906","907","908"],"lines":"303, 318, 906, 907, 908"},"geometry":{"type":"LineString","coordinates":[[145.082245,-37.780083],[145.081761,-37.780034],[145.081319,-37.780026],[145.080811,-37.78004],[145.080411,-37.78008],[145.080239,-37.780069],[145.079567,-37.780194],[145.077657,-37.780679],[145.077022,-37.780877],[145.076494,-37.781074],[145.075674,-37.781447],[145.074238,-37.782167]]}},{"type":"Feature","properties":{"mode":"bus","n":9,"arr":["303","305","309","318","350","905","906","907","908"],"lines":"303, 305, 309, 318, 350, 905, 906, 907, 908"},"geometry":{"type":"LineString","coordinates":[[145.029803,-37.791944],[145.029675,-37.792007],[145.029626,-37.792062],[145.029455,-37.792094]]}},{"type":"Feature","properties":{"mode":"bus","n":6,"arr":["343","385","518","566","901","902"],"lines":"343, 385, 518, 566, 901, 902"},"geometry":{"type":"LineString","coordinates":[[145.105845,-37.70255],[145.105737,-37.702492]]}},{"type":"Feature","properties":{"mode":"bus","n":6,"arr":["343","385","514","517","518","901"],"lines":"343, 385, 514, 517, 518, 901"},"geometry":{"type":"LineString","coordinates":[[145.105737,-37.702492],[145.106072,-37.702234],[145.106489,-37.701834],[145.10721,-37.701041],[145.107356,-37.700852],[145.107498,-37.700549],[145.107586,-37.700201],[145.107588,-37.700002],[145.107543,-37.699666]]}},{"type":"Feature","properties":{"mode":"bus","n":6,"arr":["343","385","514","517","518","901"],"lines":"343, 385, 514, 517, 518, 901"},"geometry":{"type":"LineString","coordinates":[[145.107761,-37.699947],[145.107752,-37.700188],[145.1077,-37.700416],[145.107604,-37.700671],[145.107483,-37.700884],[145.107268,-37.70116],[145.106715,-37.701783],[145.106066,-37.702368]]}},{"type":"Feature","properties":{"mode":"bus","n":5,"arr":["343","385","514","517","518"],"lines":"343, 385, 514, 517, 518"},"geometry":{"type":"LineString","coordinates":[[145.106066,-37.702368],[145.105845,-37.70255]]}},{"type":"Feature","properties":{"mode":"bus","n":7,"arr":["343","385","514","517","518","566","902"],"lines":"343, 385, 514, 517, 518, 566, 902"},"geometry":{"type":"LineString","coordinates":[[145.105442,-37.702801],[145.105845,-37.70255]]}},{"type":"Feature","properties":{"mode":"bus","n":7,"arr":["343","385","514","517","518","566","902"],"lines":"343, 385, 514, 517, 518, 566, 902"},"geometry":{"type":"LineString","coordinates":[[145.103115,-37.704231],[145.103158,-37.704124],[145.103233,-37.704042],[145.103968,-37.703598],[145.104338,-37.703463]]}},{"type":"Feature","properties":{"mode":"bus","n":7,"arr":["356","357","358","556","569","577","901"],"lines":"356, 357, 358, 556, 569, 577, 901"},"geometry":{"type":"LineString","coordinates":[[145.029471,-37.652133],[145.02987,-37.652184],[145.030282,-37.652276]]}},{"type":"Feature","properties":{"mode":"bus","n":7,"arr":["356","357","358","556","569","577","901"],"lines":"356, 357, 358, 556, 569, 577, 901"},"geometry":{"type":"LineString","coordinates":[[145.030484,-37.652417],[145.030043,-37.652304],[145.029455,-37.652223]]}},{"type":"Feature","properties":{"mode":"bus","n":6,"arr":["356","357","556","569","577","901"],"lines":"356, 357, 556, 569, 577, 901"},"geometry":{"type":"LineString","coordinates":[[145.030282,-37.652276],[145.030934,-37.652437]]}},{"type":"Feature","properties":{"mode":"bus","n":6,"arr":["356","357","556","569","577","901"],"lines":"356, 357, 556, 569, 577, 901"},"geometry":{"type":"LineString","coordinates":[[145.03156,-37.6527],[145.031246,-37.652634],[145.030484,-37.652417]]}},{"type":"Feature","properties":{"mode":"bus","n":5,"arr":["356","357","569","577","901"],"lines":"356, 357, 569, 577, 901"},"geometry":{"type":"LineString","coordinates":[[145.031718,-37.652724],[145.03156,-37.6527]]}},{"type":"Feature","properties":{"mode":"bus","n":6,"arr":["357","358","555","556","569","901"],"lines":"357, 358, 555, 556, 569, 901"},"geometry":{"type":"LineString","coordinates":[[145.015938,-37.651094],[145.01606,-37.651095]]}},{"type":"Feature","properties":{"mode":"bus","n":6,"arr":["357","358","555","556","569","901"],"lines":"357, 358, 555, 556, 569, 901"},"geometry":{"type":"LineString","coordinates":[[145.01845,-37.652331],[145.018376,-37.652358],[145.018208,-37.652329],[145.018174,-37.6523]]}},{"type":"Feature","properties":{"mode":"bus","n":6,"arr":["357","358","555","556","569","901"],"lines":"357, 358, 555, 556, 569, 901"},"geometry":{"type":"LineString","coordinates":[[145.015735,-37.652045],[145.015842,-37.651579]]}},{"type":"Feature","properties":{"mode":"bus","n":6,"arr":["357","358","555","569","577","901"],"lines":"357, 358, 555, 569, 577, 901"},"geometry":{"type":"LineString","coordinates":[[145.022466,-37.651747],[145.023462,-37.651819],[145.023794,-37.651819]]}},{"type":"Feature","properties":{"mode":"bus","n":5,"arr":["357","358","569","577","901"],"lines":"357, 358, 569, 577, 901"},"geometry":{"type":"LineString","coordinates":[[145.023794,-37.651819],[145.024243,-37.651853],[145.026569,-37.652161]]}},{"type":"Feature","properties":{"mode":"bus","n":5,"arr":["357","358","569","577","901"],"lines":"357, 358, 569, 577, 901"},"geometry":{"type":"LineString","coordinates":[[145.027772,-37.652273],[145.028759,-37.652136],[145.029471,-37.652133]]}},{"type":"Feature","properties":{"mode":"bus","n":5,"arr":["357","358","569","577","901"],"lines":"357, 358, 569, 577, 901"},"geometry":{"type":"LineString","coordinates":[[145.029455,-37.652223],[145.029012,-37.652213],[145.028265,-37.652269],[145.027716,-37.652271],[145.02504,-37.652016],[145.023735,-37.651924]]}},{"type":"Feature","properties":{"mode":"bus","n":5,"arr":["357","556","569","577","901"],"lines":"357, 556, 569, 577, 901"},"geometry":{"type":"LineString","coordinates":[[145.030934,-37.652437],[145.031325,-37.652377],[145.03175,-37.652364],[145.031769,-37.652366],[145.031785,-37.652372],[145.031797,-37.652384],[145.031827,-37.652422],[145.03182,-37.652487],[145.031747,-37.652644]]}},{"type":"Feature","properties":{"mode":"bus","n":6,"arr":["357","358","556","569","577","901"],"lines":"357, 358, 556, 569, 577, 901"},"geometry":{"type":"LineString","coordinates":[[145.023735,-37.651924],[145.023153,-37.651917]]}},{"type":"Feature","properties":{"mode":"bus","n":5,"arr":["357","555","556","569","901"],"lines":"357, 555, 556, 569, 901"},"geometry":{"type":"LineString","coordinates":[[145.019318,-37.651593],[145.019281,-37.651774],[145.019232,-37.651868],[145.018802,-37.652229],[145.018708,-37.652246]]}},{"type":"Feature","properties":{"mode":"bus","n":8,"arr":["381","382","385","386","387","388","389","390"],"lines":"381, 382, 385, 386, 387, 388, 389, 390"},"geometry":{"type":"LineString","coordinates":[[145.101532,-37.601458],[145.101449,-37.60189]]}},{"type":"Feature","properties":{"mode":"bus","n":8,"arr":["381","382","385","386","387","388","389","390"],"lines":"381, 382, 385, 386, 387, 388, 389, 390"},"geometry":{"type":"LineString","coordinates":[[145.101269,-37.603104],[145.101341,-37.603148],[145.101419,-37.603155],[145.101477,-37.60313],[145.101518,-37.603055],[145.101405,-37.602813],[145.101385,-37.602637],[145.101633,-37.60147]]}},{"type":"Feature","properties":{"mode":"bus","n":7,"arr":["381","382","385","386","387","388","390"],"lines":"381, 382, 385, 386, 387, 388, 390"},"geometry":{"type":"LineString","coordinates":[[145.101571,-37.601286],[145.101667,-37.601295]]}},{"type":"Feature","properties":{"mode":"bus","n":7,"arr":["382","517","555","556","566","567","903"],"lines":"382, 517, 555, 556, 566, 567, 903"},"geometry":{"type":"LineString","coordinates":[[145.027803,-37.740142],[145.028078,-37.740181],[145.028365,-37.740361]]}},{"type":"Feature","properties":{"mode":"bus","n":6,"arr":["382","527","555","556","567","903"],"lines":"382, 527, 555, 556, 567, 903"},"geometry":{"type":"LineString","coordinates":[[145.027736,-37.740593],[145.025615,-37.740402],[145.023493,-37.740149]]}},{"type":"Feature","properties":{"mode":"bus","n":6,"arr":["382","383","386","387","564","566"],"lines":"382, 383, 386, 387, 564, 566"},"geometry":{"type":"LineString","coordinates":[[145.069352,-37.679212],[145.069092,-37.68071],[145.06882,-37.681847]]}},{"type":"Feature","properties":{"mode":"bus","n":8,"arr":["382","383","386","387","564","569","577","901"],"lines":"382, 383, 386, 387, 564, 569, 577, 901"},"geometry":{"type":"LineString","coordinates":[[145.066592,-37.649765],[145.06635,-37.649806],[145.066009,-37.649789]]}},{"type":"Feature","properties":{"mode":"bus","n":8,"arr":["382","383","386","387","564","569","577","901"],"lines":"382, 383, 386, 387, 564, 569, 577, 901"},"geometry":{"type":"LineString","coordinates":[[145.066751,-37.649745],[145.066637,-37.649759],[145.066618,-37.64976],[145.066606,-37.649755],[145.066602,-37.649745],[145.066605,-37.64973],[145.066657,-37.649587]]}},{"type":"Feature","properties":{"mode":"bus","n":8,"arr":["382","383","386","387","564","569","577","901"],"lines":"382, 383, 386, 387, 564, 569, 577, 901"},"geometry":{"type":"LineString","coordinates":[[145.067942,-37.649374],[145.067959,-37.649461]]}},{"type":"Feature","properties":{"mode":"bus","n":5,"arr":["382","383","386","387","901"],"lines":"382, 383, 386, 387, 901"},"geometry":{"type":"LineString","coordinates":[[145.066657,-37.649587],[145.066682,-37.649439],[145.066757,-37.649393],[145.067833,-37.649258],[145.067884,-37.649267],[145.0679,-37.649272],[145.067912,-37.649281],[145.067918,-37.649294],[145.067942,-37.649374]]}},{"type":"Feature","properties":{"mode":"bus","n":5,"arr":["382","383","386","387","901"],"lines":"382, 383, 386, 387, 901"},"geometry":{"type":"LineString","coordinates":[[145.067959,-37.649461],[145.067975,-37.649549],[145.067974,-37.64957],[145.067961,-37.649584],[145.067937,-37.649591],[145.066751,-37.649745]]}},{"type":"Feature","properties":{"mode":"bus","n":5,"arr":["382","383","386","387","901"],"lines":"382, 383, 386, 387, 901"},"geometry":{"type":"LineString","coordinates":[[145.06856,-37.648303],[145.067037,-37.648641],[145.066528,-37.648678],[145.065988,-37.648666]]}},{"type":"Feature","properties":{"mode":"bus","n":5,"arr":["382","383","386","387","901"],"lines":"382, 383, 386, 387, 901"},"geometry":{"type":"LineString","coordinates":[[145.069123,-37.648255],[145.069124,-37.648187]]}},{"type":"Feature","properties":{"mode":"bus","n":5,"arr":["382","383","386","387","901"],"lines":"382, 383, 386, 387, 901"},"geometry":{"type":"LineString","coordinates":[[145.066196,-37.648789],[145.066784,-37.648784],[145.067179,-37.648738],[145.068607,-37.648393]]}},{"type":"Feature","properties":{"mode":"bus","n":6,"arr":["382","383","386","387","577","901"],"lines":"382, 383, 386, 387, 577, 901"},"geometry":{"type":"LineString","coordinates":[[145.065988,-37.648666],[145.066051,-37.649243],[145.066009,-37.649789]]}},{"type":"Feature","properties":{"mode":"bus","n":6,"arr":["382","383","386","387","577","901"],"lines":"382, 383, 386, 387, 577, 901"},"geometry":{"type":"LineString","coordinates":[[145.066197,-37.649805],[145.066236,-37.649317],[145.066196,-37.648789]]}},{"type":"Feature","properties":{"mode":"bus","n":5,"arr":["382","386","387","388","390"],"lines":"382, 386, 387, 388, 390"},"geometry":{"type":"LineString","coordinates":[[145.101571,-37.601286],[145.09691,-37.600755],[145.095925,-37.600559]]}},{"type":"Feature","properties":{"mode":"bus","n":6,"arr":["382","385","386","387","388","390"],"lines":"382, 385, 386, 387, 388, 390"},"geometry":{"type":"LineString","coordinates":[[145.101667,-37.601295],[145.101633,-37.60147]]}},{"type":"Feature","properties":{"mode":"bus","n":5,"arr":["382","386","387","389","390"],"lines":"382, 386, 387, 389, 390"},"geometry":{"type":"LineString","coordinates":[[145.101449,-37.60189],[145.101272,-37.602051],[145.101104,-37.602811],[145.101114,-37.602967],[145.101269,-37.603104]]}},{"type":"Feature","properties":{"mode":"bus","n":5,"arr":["382","386","387","389","390"],"lines":"382, 386, 387, 389, 390"},"geometry":{"type":"LineString","coordinates":[[145.096728,-37.600885],[145.101532,-37.601458]]}},{"type":"Feature","properties":{"mode":"bus","n":6,"arr":["382","517","555","556","567","903"],"lines":"382, 517, 555, 556, 567, 903"},"geometry":{"type":"LineString","coordinates":[[145.028365,-37.740361],[145.02913,-37.740441],[145.029149,-37.740446],[145.029162,-37.740454],[145.029168,-37.740466],[145.029168,-37.740482],[145.029151,-37.740572]]}},{"type":"Feature","properties":{"mode":"bus","n":5,"arr":["400","422","426","427","456"],"lines":"400, 422, 426, 427, 456"},"geometry":{"type":"LineString","coordinates":[[144.827059,-37.785335],[144.82718,-37.785438],[144.827259,-37.785698],[144.826894,-37.787965]]}},{"type":"Feature","properties":{"mode":"bus","n":5,"arr":["400","422","426","427","456"],"lines":"400, 422, 426, 427, 456"},"geometry":{"type":"LineString","coordinates":[[144.82734,-37.785899],[144.827401,-37.785407],[144.827398,-37.785386],[144.827384,-37.785373],[144.82736,-37.785366],[144.821973,-37.784806]]}},{"type":"Feature","properties":{"mode":"bus","n":5,"arr":["404","472","504","505","506"],"lines":"404, 472, 504, 505, 506"},"geometry":{"type":"LineString","coordinates":[[144.92495,-37.76649],[144.924997,-37.766618],[144.925009,-37.766745]]}},{"type":"Feature","properties":{"mode":"bus","n":6,"arr":["404","472","504","505","506","959"],"lines":"404, 472, 504, 505, 506, 959"},"geometry":{"type":"LineString","coordinates":[[144.925009,-37.766745],[144.924972,-37.767161]]}},{"type":"Feature","properties":{"mode":"bus","n":6,"arr":["404","472","504","505","506","959"],"lines":"404, 472, 504, 505, 506, 959"},"geometry":{"type":"LineString","coordinates":[[144.924786,-37.767126],[144.924596,-37.766728]]}},{"type":"Feature","properties":{"mode":"bus","n":5,"arr":["404","472","504","505","959"],"lines":"404, 472, 504, 505, 959"},"geometry":{"type":"LineString","coordinates":[[144.924972,-37.767161],[144.924968,-37.767201]]}},{"type":"Feature","properties":{"mode":"bus","n":5,"arr":["404","472","504","505","959"],"lines":"404, 472, 504, 505, 959"},"geometry":{"type":"LineString","coordinates":[[144.924813,-37.767196],[144.924786,-37.767126]]}},{"type":"Feature","properties":{"mode":"bus","n":5,"arr":["408","418","419","421","425"],"lines":"408, 418, 419, 421, 425"},"geometry":{"type":"LineString","coordinates":[[144.800031,-37.744227],[144.800222,-37.744581],[144.800764,-37.745323],[144.800772,-37.74534],[144.800769,-37.745357],[144.800756,-37.745372],[144.800704,-37.745412],[144.800637,-37.745419],[144.800501,-37.745359],[144.800111,-37.74484],[144.800086,-37.744787],[144.800081,-37.744759],[144.800094,-37.744733],[144.800222,-37.744581]]}},{"type":"Feature","properties":{"mode":"bus","n":5,"arr":["408","410","903","941","SkyBus Sunshine"],"lines":"408, 410, 903, 941, SkyBus Sunshine"},"geometry":{"type":"LineString","coordinates":[[144.832082,-37.784855],[144.832669,-37.784927]]}},{"type":"Feature","properties":{"mode":"bus","n":5,"arr":["411","412","414","472","947"],"lines":"411, 412, 414, 472, 947"},"geometry":{"type":"LineString","coordinates":[[144.881795,-37.802185],[144.882342,-37.802184],[144.884145,-37.802369],[144.88455,-37.802348],[144.884852,-37.802291]]}},{"type":"Feature","properties":{"mode":"bus","n":5,"arr":["411","412","414","431","947"],"lines":"411, 412, 414, 431, 947"},"geometry":{"type":"LineString","coordinates":[[144.866679,-37.811813],[144.86827,-37.811284],[144.869665,-37.810878]]}},{"type":"Feature","properties":{"mode":"bus","n":6,"arr":["419","420","421","461","941","943"],"lines":"419, 420, 421, 461, 941, 943"},"geometry":{"type":"LineString","coordinates":[[144.774691,-37.70131],[144.774472,-37.701071]]}},{"type":"Feature","properties":{"mode":"bus","n":6,"arr":["419","421","425","461","941","943"],"lines":"419, 421, 425, 461, 941, 943"},"geometry":{"type":"LineString","coordinates":[[144.774472,-37.701071],[144.774364,-37.700936]]}},{"type":"Feature","properties":{"mode":"bus","n":7,"arr":["419","420","421","425","461","941","943"],"lines":"419, 420, 421, 425, 461, 941, 943"},"geometry":{"type":"LineString","coordinates":[[144.774364,-37.700936],[144.774268,-37.700812]]}},{"type":"Feature","properties":{"mode":"bus","n":8,"arr":["419","420","421","425","461","476","941","943"],"lines":"419, 420, 421, 425, 461, 476, 941, 943"},"geometry":{"type":"LineString","coordinates":[[144.774268,-37.700812],[144.774094,-37.7006]]}},{"type":"Feature","properties":{"mode":"bus","n":7,"arr":["419","421","425","461","476","941","943"],"lines":"419, 421, 425, 461, 476, 941, 943"},"geometry":{"type":"LineString","coordinates":[[144.774094,-37.7006],[144.773842,-37.700277]]}},{"type":"Feature","properties":{"mode":"bus","n":8,"arr":["419","421","425","461","463","476","941","943"],"lines":"419, 421, 425, 461, 463, 476, 941, 943"},"geometry":{"type":"LineString","coordinates":[[144.773842,-37.700277],[144.773633,-37.700011]]}},{"type":"Feature","properties":{"mode":"bus","n":10,"arr":["419","420","421","425","460","461","462","463","476","943"],"lines":"419, 420, 421, 425, 460, 461, 462, 463, 476, 943"},"geometry":{"type":"LineString","coordinates":[[144.774528,-37.701048],[144.774156,-37.700568]]}},{"type":"Feature","properties":{"mode":"bus","n":5,"arr":["419","420","421","461","943"],"lines":"419, 420, 421, 461, 943"},"geometry":{"type":"LineString","coordinates":[[144.774691,-37.70131],[144.774528,-37.701048]]}},{"type":"Feature","properties":{"mode":"bus","n":5,"arr":["420","422","427","428","471"],"lines":"420, 422, 427, 428, 471"},"geometry":{"type":"LineString","coordinates":[[144.832359,-37.787631],[144.832171,-37.78773],[144.832054,-37.787857]]}},{"type":"Feature","properties":{"mode":"bus","n":5,"arr":["420","422","427","428","471"],"lines":"420, 422, 427, 428, 471"},"geometry":{"type":"LineString","coordinates":[[144.833502,-37.787717],[144.833101,-37.787595]]}},{"type":"Feature","properties":{"mode":"bus","n":6,"arr":["421","425","460","462","463","943"],"lines":"421, 425, 460, 462, 463, 943"},"geometry":{"type":"LineString","coordinates":[[144.774642,-37.695807],[144.774483,-37.696219]]}},{"type":"Feature","properties":{"mode":"bus","n":7,"arr":["421","425","460","462","463","941","943"],"lines":"421, 425, 460, 462, 463, 941, 943"},"geometry":{"type":"LineString","coordinates":[[144.774321,-37.696895],[144.77424,-37.696471]]}},{"type":"Feature","properties":{"mode":"bus","n":5,"arr":["425","460","462","463","943"],"lines":"425, 460, 462, 463, 943"},"geometry":{"type":"LineString","coordinates":[[144.766194,-37.694524],[144.766918,-37.694616],[144.768143,-37.694825],[144.77021,-37.695001],[144.770797,-37.695071],[144.772398,-37.695349],[144.774478,-37.695773]]}},{"type":"Feature","properties":{"mode":"bus","n":5,"arr":["425","460","462","463","943"],"lines":"425, 460, 462, 463, 943"},"geometry":{"type":"LineString","coordinates":[[144.77424,-37.696471],[144.774232,-37.696341],[144.774266,-37.696181],[144.774226,-37.695957],[144.774218,-37.695936],[144.774201,-37.695921],[144.774176,-37.695911],[144.771797,-37.695395],[144.770968,-37.695234],[144.77039,-37.695153],[144.767034,-37.694861],[144.766105,-37.694735]]}},{"type":"Feature","properties":{"mode":"bus","n":6,"arr":["425","460","462","463","941","943"],"lines":"425, 460, 462, 463, 941, 943"},"geometry":{"type":"LineString","coordinates":[[144.774478,-37.695773],[144.774642,-37.695807]]}},{"type":"Feature","properties":{"mode":"bus","n":5,"arr":["454","455","458","459","943"],"lines":"454, 455, 458, 459, 943"},"geometry":{"type":"LineString","coordinates":[[144.572957,-37.70271],[144.574752,-37.702941]]}},{"type":"Feature","properties":{"mode":"bus","n":6,"arr":["453","455","456","457","458","459"],"lines":"453, 455, 456, 457, 458, 459"},"geometry":{"type":"LineString","coordinates":[[144.564277,-37.684509],[144.565416,-37.684464],[144.566581,-37.684388]]}},{"type":"Feature","properties":{"mode":"bus","n":6,"arr":["453","455","456","457","458","459"],"lines":"453, 455, 456, 457, 458, 459"},"geometry":{"type":"LineString","coordinates":[[144.566652,-37.684472],[144.566027,-37.684519],[144.566012,-37.684522],[144.566004,-37.68453],[144.566001,-37.684541],[144.566002,-37.684579],[144.565932,-37.684638],[144.564323,-37.684744]]}},{"type":"Feature","properties":{"mode":"bus","n":5,"arr":["469","476","477","508","959"],"lines":"469, 476, 477, 508, 959"},"geometry":{"type":"LineString","coordinates":[[144.924296,-37.766232],[144.924263,-37.766177]]}},{"type":"Feature","properties":{"mode":"bus","n":6,"arr":["469","476","477","483","508","959"],"lines":"469, 476, 477, 483, 508, 959"},"geometry":{"type":"LineString","coordinates":[[144.924263,-37.766177],[144.923301,-37.76457]]}},{"type":"Feature","properties":{"mode":"bus","n":5,"arr":["469","476","477","483","510"],"lines":"469, 476, 477, 483, 510"},"geometry":{"type":"LineString","coordinates":[[144.916688,-37.755859],[144.916544,-37.756637],[144.916489,-37.756748],[144.91652,-37.756824],[144.916568,-37.756864],[144.916765,-37.756909],[144.918513,-37.757097],[144.918701,-37.757148],[144.919205,-37.757203]]}},{"type":"Feature","properties":{"mode":"bus","n":6,"arr":["469","476","477","483","503","510"],"lines":"469, 476, 477, 483, 503, 510"},"geometry":{"type":"LineString","coordinates":[[144.917413,-37.755306],[144.916799,-37.755569],[144.916723,-37.755672],[144.916688,-37.755859]]}},{"type":"Feature","properties":{"mode":"bus","n":8,"arr":["469","477","478","479","482","490","902","959"],"lines":"469, 477, 478, 479, 482, 490, 902, 959"},"geometry":{"type":"LineString","coordinates":[[144.888937,-37.711292],[144.889756,-37.712403],[144.890089,-37.712783],[144.89022,-37.713082],[144.890248,-37.713213],[144.890238,-37.713316],[144.890194,-37.713407]]}},{"type":"Feature","properties":{"mode":"bus","n":8,"arr":["469","477","478","479","482","490","902","959"],"lines":"469, 477, 478, 479, 482, 490, 902, 959"},"geometry":{"type":"LineString","coordinates":[[144.889794,-37.713165],[144.889697,-37.713085],[144.889652,-37.712994],[144.889636,-37.712704],[144.889657,-37.712566],[144.888616,-37.711104]]}},{"type":"Feature","properties":{"mode":"bus","n":6,"arr":["469","477","478","479","482","902"],"lines":"469, 477, 478, 479, 482, 902"},"geometry":{"type":"LineString","coordinates":[[144.888332,-37.715817],[144.888728,-37.713712],[144.888655,-37.713632],[144.888651,-37.713592],[144.88868,-37.713442],[144.888755,-37.713378]]}},{"type":"Feature","properties":{"mode":"bus","n":7,"arr":["469","477","478","479","482","490","902"],"lines":"469, 477, 478, 479, 482, 490, 902"},"geometry":{"type":"LineString","coordinates":[[144.888773,-37.713373],[144.888796,-37.713376],[144.888807,-37.713376],[144.888818,-37.713372],[144.888895,-37.713326],[144.888912,-37.713319],[144.888928,-37.71332],[144.888945,-37.713326],[144.888991,-37.713355],[144.889108,-37.713384],[144.88943,-37.713425],[144.889686,-37.713348],[144.889794,-37.713165]]}},{"type":"Feature","properties":{"mode":"bus","n":5,"arr":["469","476","477","483","508"],"lines":"469, 476, 477, 483, 508"},"geometry":{"type":"LineString","coordinates":[[144.923721,-37.764479],[144.924647,-37.765977]]}},{"type":"Feature","properties":{"mode":"bus","n":5,"arr":["472","504","505","506","959"],"lines":"472, 504, 505, 506, 959"},"geometry":{"type":"LineString","coordinates":[[144.924596,-37.766728],[144.924562,-37.76667]]}},{"type":"Feature","properties":{"mode":"bus","n":9,"arr":["475","479","481","483","485","486","487","488","489"],"lines":"475, 479, 481, 483, 485, 486, 487, 488, 489"},"geometry":{"type":"LineString","coordinates":[[144.728487,-37.579323],[144.728981,-37.578667],[144.729002,-37.578599],[144.728956,-37.578522],[144.728932,-37.578498],[144.728897,-37.578488],[144.72886,-37.578484],[144.728822,-37.578486],[144.72879,-37.578501],[144.728734,-37.578539],[144.728405,-37.578963],[144.728362,-37.579035],[144.728318,-37.579202],[144.728318,-37.579223],[144.728328,-37.579241],[144.728349,-37.579255],[144.729347,-37.579708]]}},{"type":"Feature","properties":{"mode":"bus","n":5,"arr":["476","477","483","903","959"],"lines":"476, 477, 483, 903, 959"},"geometry":{"type":"LineString","coordinates":[[144.915832,-37.752922],[144.916291,-37.753386],[144.916874,-37.754213],[144.91719,-37.754778],[144.917336,-37.755126]]}},{"type":"Feature","properties":{"mode":"bus","n":7,"arr":["477","478","479","482","490","902","959"],"lines":"477, 478, 479, 482, 490, 902, 959"},"geometry":{"type":"LineString","coordinates":[[144.888616,-37.711104],[144.887793,-37.709959],[144.887227,-37.709026]]}},{"type":"Feature","properties":{"mode":"bus","n":7,"arr":["477","478","479","482","490","902","959"],"lines":"477, 478, 479, 482, 490, 902, 959"},"geometry":{"type":"LineString","coordinates":[[144.887478,-37.709121],[144.888207,-37.71029],[144.888937,-37.711292]]}},{"type":"Feature","properties":{"mode":"bus","n":6,"arr":["477","478","479","482","902","959"],"lines":"477, 478, 479, 482, 902, 959"},"geometry":{"type":"LineString","coordinates":[[144.887227,-37.709026],[144.886871,-37.708487],[144.88603,-37.707444]]}},{"type":"Feature","properties":{"mode":"bus","n":6,"arr":["477","478","479","482","902","959"],"lines":"477, 478, 479, 482, 902, 959"},"geometry":{"type":"LineString","coordinates":[[144.885912,-37.70699],[144.886973,-37.708343],[144.887478,-37.709121]]}},{"type":"Feature","properties":{"mode":"bus","n":7,"arr":["477","484","532","901","902","953","959"],"lines":"477, 484, 532, 901, 902, 953, 959"},"geometry":{"type":"LineString","coordinates":[[144.915735,-37.681954],[144.91657,-37.68095]]}},{"type":"Feature","properties":{"mode":"bus","n":7,"arr":["477","532","542","901","902","953","959"],"lines":"477, 532, 542, 901, 902, 953, 959"},"geometry":{"type":"LineString","coordinates":[[144.91657,-37.68095],[144.916611,-37.680899]]}},{"type":"Feature","properties":{"mode":"bus","n":5,"arr":["477","901","902","953","959"],"lines":"477, 901, 902, 953, 959"},"geometry":{"type":"LineString","coordinates":[[144.916611,-37.680899],[144.916701,-37.680992]]}},{"type":"Feature","properties":{"mode":"bus","n":9,"arr":["477","484","532","541","542","901","902","953","959"],"lines":"477, 484, 532, 541, 542, 901, 902, 953, 959"},"geometry":{"type":"LineString","coordinates":[[144.916701,-37.680992],[144.91933,-37.682337]]}},{"type":"Feature","properties":{"mode":"bus","n":9,"arr":["477","484","532","541","542","901","902","953","959"],"lines":"477, 484, 532, 541, 542, 901, 902, 953, 959"},"geometry":{"type":"LineString","coordinates":[[144.919461,-37.682408],[144.919379,-37.682502]]}},{"type":"Feature","properties":{"mode":"bus","n":9,"arr":["477","484","532","541","542","901","902","953","959"],"lines":"477, 484, 532, 541, 542, 901, 902, 953, 959"},"geometry":{"type":"LineString","coordinates":[[144.919061,-37.68303],[144.918742,-37.683421],[144.918729,-37.683536],[144.918802,-37.683675],[144.918793,-37.683716],[144.918668,-37.683871],[144.918655,-37.683883],[144.918641,-37.683888],[144.918624,-37.683888],[144.918606,-37.683881],[144.918333,-37.683739]]}},{"type":"Feature","properties":{"mode":"bus","n":8,"arr":["477","484","532","541","542","901","902","959"],"lines":"477, 484, 532, 541, 542, 901, 902, 959"},"geometry":{"type":"LineString","coordinates":[[144.919461,-37.682408],[144.91933,-37.682337]]}},{"type":"Feature","properties":{"mode":"bus","n":8,"arr":["477","484","532","541","542","901","902","959"],"lines":"477, 484, 532, 541, 542, 901, 902, 959"},"geometry":{"type":"LineString","coordinates":[[144.919379,-37.682502],[144.919324,-37.682668],[144.919061,-37.68303]]}},{"type":"Feature","properties":{"mode":"bus","n":8,"arr":["477","484","532","541","901","902","953","959"],"lines":"477, 484, 532, 541, 901, 902, 953, 959"},"geometry":{"type":"LineString","coordinates":[[144.918333,-37.683739],[144.918178,-37.683708]]}},{"type":"Feature","properties":{"mode":"bus","n":5,"arr":["478","479","482","902","959"],"lines":"478, 479, 482, 902, 959"},"geometry":{"type":"LineString","coordinates":[[144.890194,-37.713407],[144.890203,-37.713466],[144.89067,-37.714196],[144.891031,-37.714672],[144.891573,-37.715458],[144.891777,-37.715846],[144.891916,-37.716234]]}},{"type":"Feature","properties":{"mode":"bus","n":5,"arr":["479","SkyBus","SkyBus Box Hill","SkyBus Frankston","SkyBus Sunshine"],"lines":"479, SkyBus, SkyBus Box Hill, SkyBus Frankston, SkyBus Sunshine"},"geometry":{"type":"LineString","coordinates":[[144.853423,-37.670057],[144.853416,-37.670113]]}},{"type":"Feature","properties":{"mode":"bus","n":5,"arr":["484","541","542","544","901"],"lines":"484, 541, 542, 544, 901"},"geometry":{"type":"LineString","coordinates":[[144.934867,-37.639122],[144.934873,-37.63909]]}},{"type":"Feature","properties":{"mode":"bus","n":6,"arr":["484","532","901","902","953","959"],"lines":"484, 532, 901, 902, 953, 959"},"geometry":{"type":"LineString","coordinates":[[144.91547,-37.682294],[144.915735,-37.681954]]}},{"type":"Feature","properties":{"mode":"bus","n":8,"arr":["501","511","525","529","532","533","537","544"],"lines":"501, 511, 525, 529, 532, 533, 537, 544"},"geometry":{"type":"LineString","coordinates":[[144.943188,-37.600403],[144.943241,-37.600252],[144.943253,-37.600115],[144.943118,-37.599468],[144.943042,-37.599377],[144.942875,-37.599284],[144.942431,-37.59919]]}},{"type":"Feature","properties":{"mode":"bus","n":8,"arr":["501","511","525","529","532","533","537","544"],"lines":"501, 511, 525, 529, 532, 533, 537, 544"},"geometry":{"type":"LineString","coordinates":[[144.94185,-37.598781],[144.942356,-37.599159],[144.942431,-37.59919],[144.942969,-37.599244],[144.943117,-37.599323],[144.943213,-37.599469],[144.943307,-37.60008],[144.943357,-37.60028],[144.943415,-37.600394]]}},{"type":"Feature","properties":{"mode":"bus","n":8,"arr":["501","511","525","529","532","533","537","544"],"lines":"501, 511, 525, 529, 532, 533, 537, 544"},"geometry":{"type":"LineString","coordinates":[[144.943419,-37.6008],[144.943432,-37.601]]}},{"type":"Feature","properties":{"mode":"bus","n":6,"arr":["511","525","532","533","537","544"],"lines":"511, 525, 532, 533, 537, 544"},"geometry":{"type":"LineString","coordinates":[[144.94331,-37.601188],[144.943297,-37.601299],[144.943143,-37.601631],[144.943066,-37.601733]]}},{"type":"Feature","properties":{"mode":"bus","n":6,"arr":["511","525","532","533","537","544"],"lines":"511, 525, 532, 533, 537, 544"},"geometry":{"type":"LineString","coordinates":[[144.943026,-37.601778],[144.94292,-37.601776]]}},{"type":"Feature","properties":{"mode":"bus","n":5,"arr":["511","525","532","533","544"],"lines":"511, 525, 532, 533, 544"},"geometry":{"type":"LineString","coordinates":[[144.943066,-37.601733],[144.943026,-37.601778]]}},{"type":"Feature","properties":{"mode":"bus","n":5,"arr":["513","514","534","536","951"],"lines":"513, 514, 534, 536, 951"},"geometry":{"type":"LineString","coordinates":[[144.918212,-37.705861],[144.91799,-37.705178]]}},{"type":"Feature","properties":{"mode":"bus","n":5,"arr":["513","514","527","903","951"],"lines":"513, 514, 527, 903, 951"},"geometry":{"type":"LineString","coordinates":[[144.945788,-37.739203],[144.945203,-37.739136]]}},{"type":"Feature","properties":{"mode":"bus","n":5,"arr":["513","514","527","561","903"],"lines":"513, 514, 527, 561, 903"},"geometry":{"type":"LineString","coordinates":[[144.963174,-37.740985],[144.96254,-37.740921]]}},{"type":"Feature","properties":{"mode":"bus","n":5,"arr":["513","514","527","561","903"],"lines":"513, 514, 527, 561, 903"},"geometry":{"type":"LineString","coordinates":[[144.964107,-37.741048],[144.963283,-37.740976],[144.963212,-37.740982],[144.963201,-37.740983],[144.963195,-37.740985],[144.963192,-37.740987],[144.963194,-37.740989],[144.9632,-37.740992],[144.96321,-37.740995],[144.963276,-37.741013],[144.963605,-37.741061],[144.965302,-37.741231],[144.965879,-37.741261]]}},{"type":"Feature","properties":{"mode":"bus","n":5,"arr":["513","514","527","561","903"],"lines":"513, 514, 527, 561, 903"},"geometry":{"type":"LineString","coordinates":[[144.96655,-37.741288],[144.966684,-37.741284]]}},{"type":"Feature","properties":{"mode":"bus","n":5,"arr":["513","514","527","561","903"],"lines":"513, 514, 527, 561, 903"},"geometry":{"type":"LineString","coordinates":[[144.971642,-37.741794],[144.968021,-37.741399]]}},{"type":"Feature","properties":{"mode":"bus","n":5,"arr":["513","514","527","561","903"],"lines":"513, 514, 527, 561, 903"},"geometry":{"type":"LineString","coordinates":[[144.971769,-37.741935],[144.968012,-37.741496]]}},{"type":"Feature","properties":{"mode":"bus","n":7,"arr":["513","514","526","527","530","561","903"],"lines":"513, 514, 526, 527, 530, 561, 903"},"geometry":{"type":"LineString","coordinates":[[144.96629,-37.741298],[144.965879,-37.741261],[144.965067,-37.741137],[144.964107,-37.741048]]}},{"type":"Feature","properties":{"mode":"bus","n":8,"arr":["513","514","526","527","530","534","561","903"],"lines":"513, 514, 526, 527, 530, 534, 561, 903"},"geometry":{"type":"LineString","coordinates":[[144.96629,-37.741298],[144.96655,-37.741288]]}},{"type":"Feature","properties":{"mode":"bus","n":6,"arr":["513","514","527","534","561","903"],"lines":"513, 514, 527, 534, 561, 903"},"geometry":{"type":"LineString","coordinates":[[144.966684,-37.741284],[144.967369,-37.741325],[144.968021,-37.741399]]}},{"type":"Feature","properties":{"mode":"bus","n":6,"arr":["513","514","527","534","561","903"],"lines":"513, 514, 527, 534, 561, 903"},"geometry":{"type":"LineString","coordinates":[[144.968012,-37.741496],[144.96629,-37.741298]]}},{"type":"Feature","properties":{"mode":"bus","n":6,"arr":["513","578","579","580","582","902"],"lines":"513, 578, 579, 580, 582, 902"},"geometry":{"type":"LineString","coordinates":[[145.148375,-37.713561],[145.148185,-37.713462],[145.148167,-37.713409],[145.148201,-37.713341]]}},{"type":"Feature","properties":{"mode":"bus","n":6,"arr":["513","578","579","580","582","902"],"lines":"513, 578, 579, 580, 582, 902"},"geometry":{"type":"LineString","coordinates":[[145.148598,-37.712928],[145.148709,-37.712982]]}},{"type":"Feature","properties":{"mode":"bus","n":6,"arr":["513","578","579","580","582","902"],"lines":"513, 578, 579, 580, 582, 902"},"geometry":{"type":"LineString","coordinates":[[145.148737,-37.713353],[145.148803,-37.713125]]}},{"type":"Feature","properties":{"mode":"bus","n":7,"arr":["513","514","578","579","580","582","902"],"lines":"513, 514, 578, 579, 580, 582, 902"},"geometry":{"type":"LineString","coordinates":[[145.148526,-37.713612],[145.148465,-37.713611],[145.148375,-37.713561]]}},{"type":"Feature","properties":{"mode":"bus","n":7,"arr":["513","514","578","579","580","582","902"],"lines":"513, 514, 578, 579, 580, 582, 902"},"geometry":{"type":"LineString","coordinates":[[145.1487,-37.713469],[145.148737,-37.713353]]}},{"type":"Feature","properties":{"mode":"bus","n":5,"arr":["525","529","533","537","544"],"lines":"525, 529, 533, 537, 544"},"geometry":{"type":"LineString","coordinates":[[144.942015,-37.598917],[144.941808,-37.599025],[144.941621,-37.599065],[144.941441,-37.599072],[144.93794,-37.598676]]}},{"type":"Feature","properties":{"mode":"bus","n":5,"arr":["525","529","533","537","544"],"lines":"525, 529, 533, 537, 544"},"geometry":{"type":"LineString","coordinates":[[144.937967,-37.598529],[144.940481,-37.598825],[144.941348,-37.598901],[144.941558,-37.598893],[144.941755,-37.598835],[144.94185,-37.598781]]}},{"type":"Feature","properties":{"mode":"bus","n":6,"arr":["525","529","533","537","544","953"],"lines":"525, 529, 533, 537, 544, 953"},"geometry":{"type":"LineString","coordinates":[[144.93794,-37.598676],[144.9378,-37.59866]]}},{"type":"Feature","properties":{"mode":"bus","n":5,"arr":["525","529","537","544","953"],"lines":"525, 529, 537, 544, 953"},"geometry":{"type":"LineString","coordinates":[[144.9378,-37.59866],[144.934546,-37.598294],[144.93034,-37.597918]]}},{"type":"Feature","properties":{"mode":"bus","n":5,"arr":["525","529","537","544","953"],"lines":"525, 529, 537, 544, 953"},"geometry":{"type":"LineString","coordinates":[[144.930211,-37.597728],[144.930368,-37.597744]]}},{"type":"Feature","properties":{"mode":"bus","n":5,"arr":["525","528","529","541","953"],"lines":"525, 528, 529, 541, 953"},"geometry":{"type":"LineString","coordinates":[[144.917207,-37.59639],[144.917313,-37.596423]]}},{"type":"Feature","properties":{"mode":"bus","n":5,"arr":["525","528","529","541","953"],"lines":"525, 528, 529, 541, 953"},"geometry":{"type":"LineString","coordinates":[[144.917042,-37.594114],[144.917682,-37.594191],[144.917771,-37.594264],[144.917801,-37.594361],[144.917799,-37.594521],[144.917724,-37.594972],[144.917348,-37.59602]]}},{"type":"Feature","properties":{"mode":"bus","n":5,"arr":["525","528","529","541","953"],"lines":"525, 528, 529, 541, 953"},"geometry":{"type":"LineString","coordinates":[[144.916961,-37.590969],[144.917093,-37.591165],[144.917092,-37.591215],[144.916671,-37.593767]]}},{"type":"Feature","properties":{"mode":"bus","n":5,"arr":["525","528","529","541","543"],"lines":"525, 528, 529, 541, 543"},"geometry":{"type":"LineString","coordinates":[[144.915347,-37.590766],[144.916082,-37.590846]]}},{"type":"Feature","properties":{"mode":"bus","n":5,"arr":["525","528","529","541","543"],"lines":"525, 528, 529, 541, 543"},"geometry":{"type":"LineString","coordinates":[[144.916073,-37.590781],[144.915701,-37.590741]]}},{"type":"Feature","properties":{"mode":"bus","n":5,"arr":["525","529","537","541","543"],"lines":"525, 529, 537, 541, 543"},"geometry":{"type":"LineString","coordinates":[[144.915347,-37.590766],[144.914565,-37.590687]]}},{"type":"Feature","properties":{"mode":"bus","n":5,"arr":["525","529","537","541","543"],"lines":"525, 529, 537, 541, 543"},"geometry":{"type":"LineString","coordinates":[[144.915701,-37.590741],[144.914669,-37.590633]]}},{"type":"Feature","properties":{"mode":"bus","n":5,"arr":["532","901","902","953","959"],"lines":"532, 901, 902, 953, 959"},"geometry":{"type":"LineString","coordinates":[[144.918178,-37.683708],[144.916535,-37.682842],[144.916051,-37.682615]]}},{"type":"Feature","properties":{"mode":"bus","n":5,"arr":["600","811","812","922","923"],"lines":"600, 811, 812, 922, 923"},"geometry":{"type":"LineString","coordinates":[[145.054362,-37.972455],[145.055399,-37.96696]]}},{"type":"Feature","properties":{"mode":"bus","n":6,"arr":["600","811","812","828","922","923"],"lines":"600, 811, 812, 828, 922, 923"},"geometry":{"type":"LineString","coordinates":[[145.055399,-37.96696],[145.055691,-37.965396]]}},{"type":"Feature","properties":{"mode":"bus","n":7,"arr":["600","811","812","822","828","922","923"],"lines":"600, 811, 812, 822, 828, 922, 923"},"geometry":{"type":"LineString","coordinates":[[145.055691,-37.965396],[145.056063,-37.963435]]}},{"type":"Feature","properties":{"mode":"bus","n":10,"arr":["600","708","811","812","822","825","828","922","923","SkyBus Frankston"],"lines":"600, 708, 811, 812, 822, 825, 828, 922, 923, SkyBus Frankston"},"geometry":{"type":"LineString","coordinates":[[145.056063,-37.963435],[145.052972,-37.959006],[145.052964,-37.958986],[145.05297,-37.958969],[145.052989,-37.958956],[145.053362,-37.958784]]}},{"type":"Feature","properties":{"mode":"bus","n":10,"arr":["600","708","811","812","822","825","828","922","923","SkyBus Frankston"],"lines":"600, 708, 811, 812, 822, 825, 828, 922, 923, SkyBus Frankston"},"geometry":{"type":"LineString","coordinates":[[145.056116,-37.963127],[145.055812,-37.962683]]}},{"type":"Feature","properties":{"mode":"bus","n":13,"arr":["600","631","708","767","811","812","822","823","825","828","922","923","SkyBus Frankston"],"lines":"600, 631, 708, 767, 811, 812, 822, 823, 825, 828, 922, 923, SkyBus Frankston"},"geometry":{"type":"LineString","coordinates":[[145.053556,-37.958619],[145.053578,-37.958661],[145.053582,-37.958675],[145.053577,-37.958687],[145.053563,-37.958696],[145.053362,-37.958784]]}},{"type":"Feature","properties":{"mode":"bus","n":13,"arr":["600","631","708","767","811","812","822","823","825","828","922","923","SkyBus Frankston"],"lines":"600, 631, 708, 767, 811, 812, 822, 823, 825, 828, 922, 923, SkyBus Frankston"},"geometry":{"type":"LineString","coordinates":[[145.052585,-37.957582],[145.053028,-37.957646],[145.053274,-37.957653],[145.053289,-37.957656],[145.053299,-37.957663],[145.053303,-37.957675],[145.053307,-37.957714]]}},{"type":"Feature","properties":{"mode":"bus","n":13,"arr":["600","631","708","767","811","812","822","823","825","828","922","923","SkyBus Frankston"],"lines":"600, 631, 708, 767, 811, 812, 822, 823, 825, 828, 922, 923, SkyBus Frankston"},"geometry":{"type":"LineString","coordinates":[[145.052395,-37.957855],[145.052341,-37.95778]]}},{"type":"Feature","properties":{"mode":"bus","n":8,"arr":["600","708","811","812","823","825","922","923"],"lines":"600, 708, 811, 812, 823, 825, 922, 923"},"geometry":{"type":"LineString","coordinates":[[145.053556,-37.958619],[145.053596,-37.95857],[145.053609,-37.958543],[145.053604,-37.958515],[145.053405,-37.958109],[145.053393,-37.957796]]}},{"type":"Feature","properties":{"mode":"bus","n":8,"arr":["600","708","811","812","823","825","922","923"],"lines":"600, 708, 811, 812, 823, 825, 922, 923"},"geometry":{"type":"LineString","coordinates":[[145.053307,-37.957714],[145.053371,-37.957756]]}},{"type":"Feature","properties":{"mode":"bus","n":7,"arr":["708","811","812","823","825","922","923"],"lines":"708, 811, 812, 823, 825, 922, 923"},"geometry":{"type":"LineString","coordinates":[[145.053371,-37.957756],[145.053393,-37.957796]]}},{"type":"Feature","properties":{"mode":"bus","n":12,"arr":["600","631","708","767","811","812","822","825","828","922","923","SkyBus Frankston"],"lines":"600, 631, 708, 767, 811, 812, 822, 825, 828, 922, 923, SkyBus Frankston"},"geometry":{"type":"LineString","coordinates":[[145.052585,-37.957582],[145.05244,-37.957666],[145.052341,-37.95778]]}},{"type":"Feature","properties":{"mode":"bus","n":12,"arr":["600","631","708","767","811","812","822","825","828","922","923","SkyBus Frankston"],"lines":"600, 631, 708, 767, 811, 812, 822, 825, 828, 922, 923, SkyBus Frankston"},"geometry":{"type":"LineString","coordinates":[[145.055812,-37.962683],[145.053151,-37.958879],[145.052395,-37.957855]]}},{"type":"Feature","properties":{"mode":"bus","n":6,"arr":["600","811","812","822","922","923"],"lines":"600, 811, 812, 822, 922, 923"},"geometry":{"type":"LineString","coordinates":[[145.056063,-37.963435],[145.056116,-37.963127]]}},{"type":"Feature","properties":{"mode":"bus","n":6,"arr":["631","737","802","804","862","900"],"lines":"631, 737, 802, 804, 862, 900"},"geometry":{"type":"LineString","coordinates":[[145.131693,-37.913428],[145.131911,-37.913471],[145.131949,-37.913517],[145.131957,-37.913602]]}},{"type":"Feature","properties":{"mode":"bus","n":7,"arr":["601","631","737","802","804","862","900"],"lines":"601, 631, 737, 802, 804, 862, 900"},"geometry":{"type":"LineString","coordinates":[[145.131957,-37.913602],[145.131754,-37.914613]]}},{"type":"Feature","properties":{"mode":"bus","n":8,"arr":["601","630","631","737","802","804","862","900"],"lines":"601, 630, 631, 737, 802, 804, 862, 900"},"geometry":{"type":"LineString","coordinates":[[145.131754,-37.914613],[145.131676,-37.914663],[145.131599,-37.914668],[145.13153,-37.91465],[145.131468,-37.914592]]}},{"type":"Feature","properties":{"mode":"bus","n":10,"arr":["601","630","631","703","733","737","802","804","862","900"],"lines":"601, 630, 631, 703, 733, 737, 802, 804, 862, 900"},"geometry":{"type":"LineString","coordinates":[[145.131468,-37.914592],[145.131455,-37.914665]]}},{"type":"Feature","properties":{"mode":"bus","n":10,"arr":["601","630","631","703","733","737","802","804","862","900"],"lines":"601, 630, 631, 703, 733, 737, 802, 804, 862, 900"},"geometry":{"type":"LineString","coordinates":[[145.131207,-37.915234],[145.131286,-37.915244]]}},{"type":"Feature","properties":{"mode":"bus","n":10,"arr":["601","630","631","703","733","737","802","804","862","900"],"lines":"601, 630, 631, 703, 733, 737, 802, 804, 862, 900"},"geometry":{"type":"LineString","coordinates":[[145.131235,-37.914996],[145.131273,-37.914478],[145.131303,-37.914358]]}},{"type":"Feature","properties":{"mode":"bus","n":9,"arr":["601","630","631","703","733","802","804","862","900"],"lines":"601, 630, 631, 703, 733, 802, 804, 862, 900"},"geometry":{"type":"LineString","coordinates":[[145.131286,-37.915244],[145.131455,-37.914665]]}},{"type":"Feature","properties":{"mode":"bus","n":9,"arr":["601","630","631","703","733","802","804","862","900"],"lines":"601, 630, 631, 703, 733, 802, 804, 862, 900"},"geometry":{"type":"LineString","coordinates":[[145.131207,-37.915234],[145.129871,-37.915066],[145.12731,-37.914626]]}},{"type":"Feature","properties":{"mode":"bus","n":9,"arr":["601","630","631","703","733","802","804","862","900"],"lines":"601, 630, 631, 703, 733, 802, 804, 862, 900"},"geometry":{"type":"LineString","coordinates":[[145.128037,-37.91457],[145.129158,-37.914767],[145.131235,-37.914996]]}},{"type":"Feature","properties":{"mode":"bus","n":6,"arr":["601","630","631","703","733","900"],"lines":"601, 630, 631, 703, 733, 900"},"geometry":{"type":"LineString","coordinates":[[145.121862,-37.91397],[145.124306,-37.914273],[145.125882,-37.914382],[145.12731,-37.914626]]}},{"type":"Feature","properties":{"mode":"bus","n":6,"arr":["601","630","631","703","733","900"],"lines":"601, 630, 631, 703, 733, 900"},"geometry":{"type":"LineString","coordinates":[[145.1219,-37.913653],[145.124574,-37.913961],[145.125713,-37.914145],[145.128037,-37.91457]]}},{"type":"Feature","properties":{"mode":"bus","n":15,"arr":["612","623","624","625","626","627","742","767","800","802","804","822","862","900","903"],"lines":"612, 623, 624, 625, 626, 627, 742, 767, 800, 802, 804, 822, 862, 900, 903"},"geometry":{"type":"LineString","coordinates":[[145.083413,-37.887712],[145.083338,-37.888367]]}},{"type":"Feature","properties":{"mode":"bus","n":14,"arr":["612","623","624","625","626","627","742","767","802","804","822","862","900","903"],"lines":"612, 623, 624, 625, 626, 627, 742, 767, 802, 804, 822, 862, 900, 903"},"geometry":{"type":"LineString","coordinates":[[145.083333,-37.8885],[145.083338,-37.888367]]}},{"type":"Feature","properties":{"mode":"bus","n":11,"arr":["612","623","624","625","626","627","742","767","822","900","903"],"lines":"612, 623, 624, 625, 626, 627, 742, 767, 822, 900, 903"},"geometry":{"type":"LineString","coordinates":[[145.082297,-37.888918],[145.082759,-37.888752],[145.08318,-37.888526],[145.083333,-37.8885]]}},{"type":"Feature","properties":{"mode":"bus","n":8,"arr":["612","623","624","626","627","767","822","900"],"lines":"612, 623, 624, 626, 627, 767, 822, 900"},"geometry":{"type":"LineString","coordinates":[[145.081737,-37.889131],[145.082297,-37.888918]]}},{"type":"Feature","properties":{"mode":"bus","n":8,"arr":["612","623","624","626","627","767","822","900"],"lines":"612, 623, 624, 626, 627, 767, 822, 900"},"geometry":{"type":"LineString","coordinates":[[145.07873,-37.887418],[145.07997,-37.887872],[145.080643,-37.888203],[145.080925,-37.888382],[145.08127,-37.888649],[145.081669,-37.889049]]}},{"type":"Feature","properties":{"mode":"bus","n":8,"arr":["612","623","624","626","627","767","822","900"],"lines":"612, 623, 624, 626, 627, 767, 822, 900"},"geometry":{"type":"LineString","coordinates":[[145.078413,-37.887124],[145.079442,-37.887467],[145.08043,-37.887879],[145.080993,-37.888196],[145.081679,-37.88877],[145.08183,-37.888799],[145.082042,-37.888909]]}},{"type":"Feature","properties":{"mode":"bus","n":12,"arr":["612","623","624","625","626","627","742","767","800","822","900","903"],"lines":"612, 623, 624, 625, 626, 627, 742, 767, 800, 822, 900, 903"},"geometry":{"type":"LineString","coordinates":[[145.081737,-37.889131],[145.081669,-37.889049]]}},{"type":"Feature","properties":{"mode":"bus","n":12,"arr":["612","623","624","625","626","627","742","767","800","822","900","903"],"lines":"612, 623, 624, 625, 626, 627, 742, 767, 800, 822, 900, 903"},"geometry":{"type":"LineString","coordinates":[[145.082042,-37.888909],[145.082679,-37.888681],[145.083128,-37.888423],[145.083338,-37.888367]]}},{"type":"Feature","properties":{"mode":"bus","n":7,"arr":["612","623","624","626","627","822","900"],"lines":"612, 623, 624, 626, 627, 822, 900"},"geometry":{"type":"LineString","coordinates":[[145.078242,-37.887241],[145.07873,-37.887418]]}},{"type":"Feature","properties":{"mode":"bus","n":6,"arr":["623","624","626","627","822","900"],"lines":"623, 624, 626, 627, 822, 900"},"geometry":{"type":"LineString","coordinates":[[145.067491,-37.884556],[145.067626,-37.884555],[145.067658,-37.884549],[145.067682,-37.884532],[145.067719,-37.884488],[145.067794,-37.884455],[145.06808,-37.884441],[145.070021,-37.884405],[145.070557,-37.88442],[145.071048,-37.88447],[145.071698,-37.884608],[145.072287,-37.88479],[145.075496,-37.885956]]}},{"type":"Feature","properties":{"mode":"bus","n":6,"arr":["623","624","626","627","822","900"],"lines":"623, 624, 626, 627, 822, 900"},"geometry":{"type":"LineString","coordinates":[[145.077096,-37.886662],[145.078154,-37.887038]]}},{"type":"Feature","properties":{"mode":"bus","n":6,"arr":["623","624","626","627","822","900"],"lines":"623, 624, 626, 627, 822, 900"},"geometry":{"type":"LineString","coordinates":[[145.067467,-37.884721],[145.068109,-37.884714],[145.068208,-37.884785],[145.068332,-37.884806],[145.069953,-37.884766],[145.070391,-37.884775],[145.070804,-37.884806],[145.071354,-37.884893],[145.071958,-37.885069],[145.073686,-37.885707],[145.073743,-37.885767],[145.073902,-37.885789],[145.075293,-37.886294]]}},{"type":"Feature","properties":{"mode":"bus","n":5,"arr":["623","624","626","627","822"],"lines":"623, 624, 626, 627, 822"},"geometry":{"type":"LineString","coordinates":[[145.075496,-37.885956],[145.077064,-37.886516],[145.07709,-37.886546],[145.077096,-37.886662]]}},{"type":"Feature","properties":{"mode":"bus","n":5,"arr":["623","624","626","627","822"],"lines":"623, 624, 626, 627, 822"},"geometry":{"type":"LineString","coordinates":[[145.075293,-37.886294],[145.07807,-37.8873],[145.078097,-37.887306],[145.078123,-37.887304],[145.078148,-37.887294],[145.078242,-37.887241]]}},{"type":"Feature","properties":{"mode":"bus","n":7,"arr":["623","624","626","627","767","822","900"],"lines":"623, 624, 626, 627, 767, 822, 900"},"geometry":{"type":"LineString","coordinates":[[145.078154,-37.887038],[145.078413,-37.887124]]}},{"type":"Feature","properties":{"mode":"bus","n":5,"arr":["623","624","742","900","903"],"lines":"623, 624, 742, 900, 903"},"geometry":{"type":"LineString","coordinates":[[145.083338,-37.888367],[145.083582,-37.888389],[145.083609,-37.888387],[145.083629,-37.888378],[145.083643,-37.888359],[145.083721,-37.888192]]}},{"type":"Feature","properties":{"mode":"bus","n":7,"arr":["623","624","742","767","800","900","903"],"lines":"623, 624, 742, 767, 800, 900, 903"},"geometry":{"type":"LineString","coordinates":[[145.083732,-37.888113],[145.083721,-37.888192]]}},{"type":"Feature","properties":{"mode":"bus","n":12,"arr":["623","624","627","742","767","800","802","804","822","862","900","903"],"lines":"623, 624, 627, 742, 767, 800, 802, 804, 822, 862, 900, 903"},"geometry":{"type":"LineString","coordinates":[[145.083761,-37.887856],[145.083732,-37.888113]]}},{"type":"Feature","properties":{"mode":"bus","n":7,"arr":["623","624","767","800","802","804","862"],"lines":"623, 624, 767, 800, 802, 804, 862"},"geometry":{"type":"LineString","coordinates":[[145.083721,-37.888192],[145.083807,-37.888417]]}},{"type":"Feature","properties":{"mode":"bus","n":7,"arr":["623","736","742","753","850","885","902"],"lines":"623, 736, 742, 753, 850, 885, 902"},"geometry":{"type":"LineString","coordinates":[[145.164088,-37.888673],[145.165056,-37.883392]]}},{"type":"Feature","properties":{"mode":"bus","n":7,"arr":["623","736","742","753","850","885","902"],"lines":"623, 736, 742, 753, 850, 885, 902"},"geometry":{"type":"LineString","coordinates":[[145.165205,-37.883461],[145.164265,-37.8887]]}},{"type":"Feature","properties":{"mode":"bus","n":8,"arr":["623","736","737","742","753","850","885","902"],"lines":"623, 736, 737, 742, 753, 850, 885, 902"},"geometry":{"type":"LineString","coordinates":[[145.165056,-37.883392],[145.165668,-37.880044],[145.165667,-37.880023],[145.165655,-37.880007],[145.165632,-37.879997],[145.165279,-37.879907],[145.165203,-37.879864]]}},{"type":"Feature","properties":{"mode":"bus","n":8,"arr":["623","736","737","742","753","850","885","902"],"lines":"623, 736, 737, 742, 753, 850, 885, 902"},"geometry":{"type":"LineString","coordinates":[[145.164023,-37.879557],[145.16514,-37.879851],[145.165352,-37.879857],[145.165809,-37.879968],[145.165833,-37.879978],[145.165845,-37.879994],[145.165846,-37.880015],[145.165205,-37.883461]]}},{"type":"Feature","properties":{"mode":"bus","n":8,"arr":["623","736","737","742","753","850","885","902"],"lines":"623, 736, 737, 742, 753, 850, 885, 902"},"geometry":{"type":"LineString","coordinates":[[145.162284,-37.879065],[145.163375,-37.879366]]}},{"type":"Feature","properties":{"mode":"bus","n":11,"arr":["623","734","736","737","742","753","754","850","885","902","967"],"lines":"623, 734, 736, 737, 742, 753, 754, 850, 885, 902, 967"},"geometry":{"type":"LineString","coordinates":[[145.164023,-37.879557],[145.163849,-37.879491],[145.163416,-37.879377],[145.163391,-37.879374],[145.163373,-37.879381],[145.163361,-37.879398],[145.163334,-37.879457]]}},{"type":"Feature","properties":{"mode":"bus","n":11,"arr":["623","734","736","737","742","753","754","850","885","902","967"],"lines":"623, 734, 736, 737, 742, 753, 754, 850, 885, 902, 967"},"geometry":{"type":"LineString","coordinates":[[145.16213,-37.879247],[145.161997,-37.879219],[145.161957,-37.879193],[145.16194,-37.879177],[145.161934,-37.879157],[145.161932,-37.879113],[145.161957,-37.879051],[145.16197,-37.879034],[145.161989,-37.879025],[145.162014,-37.879025],[145.162284,-37.879065]]}},{"type":"Feature","properties":{"mode":"bus","n":6,"arr":["623","734","736","754","902","967"],"lines":"623, 734, 736, 754, 902, 967"},"geometry":{"type":"LineString","coordinates":[[145.163334,-37.879457],[145.162354,-37.879192],[145.162263,-37.879192],[145.16213,-37.879247]]}},{"type":"Feature","properties":{"mode":"bus","n":5,"arr":["623","742","850","885","902"],"lines":"623, 742, 850, 885, 902"},"geometry":{"type":"LineString","coordinates":[[145.164265,-37.8887],[145.164219,-37.888966]]}},{"type":"Feature","properties":{"mode":"bus","n":7,"arr":["624","693","704","800","802","804","862"],"lines":"624, 693, 704, 800, 802, 804, 862"},"geometry":{"type":"LineString","coordinates":[[145.089768,-37.898693],[145.088736,-37.898564]]}},{"type":"Feature","properties":{"mode":"bus","n":7,"arr":["624","693","704","800","802","804","862"],"lines":"624, 693, 704, 800, 802, 804, 862"},"geometry":{"type":"LineString","coordinates":[[145.092055,-37.900313],[145.092331,-37.899037]]}},{"type":"Feature","properties":{"mode":"bus","n":8,"arr":["624","693","704","800","802","804","862","903"],"lines":"624, 693, 704, 800, 802, 804, 862, 903"},"geometry":{"type":"LineString","coordinates":[[145.088736,-37.898564],[145.088607,-37.899296],[145.088602,-37.899312],[145.088591,-37.899322],[145.088576,-37.899327],[145.088556,-37.899327],[145.087948,-37.899253]]}},{"type":"Feature","properties":{"mode":"bus","n":5,"arr":["624","693","704","742","900"],"lines":"624, 693, 704, 742, 900"},"geometry":{"type":"LineString","coordinates":[[145.088683,-37.899999],[145.09188,-37.900363]]}},{"type":"Feature","properties":{"mode":"bus","n":8,"arr":["625","742","800","802","804","862","900","903"],"lines":"625, 742, 800, 802, 804, 862, 900, 903"},"geometry":{"type":"LineString","coordinates":[[145.088344,-37.892874],[145.088211,-37.893474],[145.088109,-37.893608]]}},{"type":"Feature","properties":{"mode":"bus","n":8,"arr":["625","742","800","802","804","862","900","903"],"lines":"625, 742, 800, 802, 804, 862, 900, 903"},"geometry":{"type":"LineString","coordinates":[[145.087435,-37.898024],[145.087413,-37.897223]]}},{"type":"Feature","properties":{"mode":"bus","n":8,"arr":["625","742","800","802","804","862","900","903"],"lines":"625, 742, 800, 802, 804, 862, 900, 903"},"geometry":{"type":"LineString","coordinates":[[145.087306,-37.897812],[145.087332,-37.897495],[145.087413,-37.897223],[145.088109,-37.893608],[145.088075,-37.893465]]}},{"type":"Feature","properties":{"mode":"bus","n":5,"arr":["625","742","800","900","903"],"lines":"625, 742, 800, 900, 903"},"geometry":{"type":"LineString","coordinates":[[145.088075,-37.893465],[145.088007,-37.893375],[145.087898,-37.893082],[145.087886,-37.893062],[145.087866,-37.893048],[145.08784,-37.893041],[145.086482,-37.892847],[145.086187,-37.892791],[145.085724,-37.89266],[145.085321,-37.892528],[145.084863,-37.892332],[145.084576,-37.892182],[145.08421,-37.891951],[145.083796,-37.891641],[145.083338,-37.89119],[145.081737,-37.889131]]}},{"type":"Feature","properties":{"mode":"bus","n":5,"arr":["625","742","800","900","903"],"lines":"625, 742, 800, 900, 903"},"geometry":{"type":"LineString","coordinates":[[145.081669,-37.889049],[145.082042,-37.888909]]}},{"type":"Feature","properties":{"mode":"bus","n":10,"arr":["627","742","767","800","802","804","822","862","900","903"],"lines":"627, 742, 767, 800, 802, 804, 822, 862, 900, 903"},"geometry":{"type":"LineString","coordinates":[[145.083784,-37.887522],[145.083761,-37.887856]]}},{"type":"Feature","properties":{"mode":"bus","n":5,"arr":["627","742","822","900","903"],"lines":"627, 742, 822, 900, 903"},"geometry":{"type":"LineString","coordinates":[[145.083527,-37.887494],[145.083643,-37.887476],[145.083784,-37.887522]]}},{"type":"Feature","properties":{"mode":"bus","n":6,"arr":["627","742","767","822","900","903"],"lines":"627, 742, 767, 822, 900, 903"},"geometry":{"type":"LineString","coordinates":[[145.083527,-37.887494],[145.08348,-37.88754],[145.08346,-37.887679],[145.083413,-37.887712]]}},{"type":"Feature","properties":{"mode":"bus","n":6,"arr":["627","811","812","823","824","SkyBus Frankston"],"lines":"627, 811, 812, 823, 824, SkyBus Frankston"},"geometry":{"type":"LineString","coordinates":[[145.035067,-37.93348],[145.0355,-37.933957],[145.035765,-37.934322]]}},{"type":"Feature","properties":{"mode":"bus","n":6,"arr":["627","811","812","823","825","SkyBus Frankston"],"lines":"627, 811, 812, 823, 825, SkyBus Frankston"},"geometry":{"type":"LineString","coordinates":[[145.036286,-37.935035],[145.036641,-37.935571]]}},{"type":"Feature","properties":{"mode":"bus","n":8,"arr":["627","767","800","802","804","822","862","903"],"lines":"627, 767, 800, 802, 804, 822, 862, 903"},"geometry":{"type":"LineString","coordinates":[[145.083468,-37.887414],[145.083358,-37.887436],[145.083331,-37.887446],[145.083311,-37.887464],[145.08328,-37.887505],[145.083292,-37.887568],[145.083413,-37.887712]]}},{"type":"Feature","properties":{"mode":"bus","n":7,"arr":["627","767","800","802","804","822","862"],"lines":"627, 767, 800, 802, 804, 822, 862"},"geometry":{"type":"LineString","coordinates":[[145.083468,-37.887414],[145.083609,-37.887393],[145.083743,-37.88742],[145.08377,-37.887441],[145.08378,-37.887453],[145.083784,-37.887468],[145.083784,-37.887522]]}},{"type":"Feature","properties":{"mode":"bus","n":7,"arr":["631","767","811","812","822","828","SkyBus Frankston"],"lines":"631, 767, 811, 812, 822, 828, SkyBus Frankston"},"geometry":{"type":"LineString","coordinates":[[145.053307,-37.957714],[145.053276,-37.957813],[145.053285,-37.958116],[145.053503,-37.958559],[145.053556,-37.958619]]}},{"type":"Feature","properties":{"mode":"bus","n":7,"arr":["631","703","704","733","824","978","979"],"lines":"631, 703, 704, 733, 824, 978, 979"},"geometry":{"type":"LineString","coordinates":[[145.119056,-37.928566],[145.119966,-37.92389],[145.11997,-37.923878],[145.119976,-37.923871],[145.119984,-37.923869],[145.119994,-37.923871],[145.120006,-37.923879],[145.121059,-37.924676]]}},{"type":"Feature","properties":{"mode":"bus","n":7,"arr":["631","703","704","733","824","978","979"],"lines":"631, 703, 704, 733, 824, 978, 979"},"geometry":{"type":"LineString","coordinates":[[145.121157,-37.92475],[145.121405,-37.924938],[145.121424,-37.924961],[145.121425,-37.924989],[145.12141,-37.925044],[145.121251,-37.925256],[145.121142,-37.925329],[145.121026,-37.925331],[145.120983,-37.925325],[145.120948,-37.925307],[145.120727,-37.925133],[145.120646,-37.925109],[145.119754,-37.925001]]}},{"type":"Feature","properties":{"mode":"bus","n":6,"arr":["631","703","704","733","824","979"],"lines":"631, 703, 704, 733, 824, 979"},"geometry":{"type":"LineString","coordinates":[[145.121059,-37.924676],[145.121157,-37.92475]]}},{"type":"Feature","properties":{"mode":"bus","n":8,"arr":["631","703","733","737","802","804","862","900"],"lines":"631, 703, 733, 737, 802, 804, 862, 900"},"geometry":{"type":"LineString","coordinates":[[145.131303,-37.914358],[145.131398,-37.91384],[145.131366,-37.913501],[145.131398,-37.913452],[145.131463,-37.913416],[145.131648,-37.913426],[145.131667,-37.913429],[145.13168,-37.913436],[145.131686,-37.913448],[145.131686,-37.913464],[145.131468,-37.914592]]}},{"type":"Feature","properties":{"mode":"bus","n":7,"arr":["631","703","737","802","804","862","900"],"lines":"631, 703, 737, 802, 804, 862, 900"},"geometry":{"type":"LineString","coordinates":[[145.131455,-37.914665],[145.131512,-37.914889],[145.131596,-37.915013],[145.131623,-37.915039],[145.131662,-37.915051],[145.139182,-37.916031]]}},{"type":"Feature","properties":{"mode":"bus","n":7,"arr":["631","703","737","802","804","862","900"],"lines":"631, 703, 737, 802, 804, 862, 900"},"geometry":{"type":"LineString","coordinates":[[145.131235,-37.914996],[145.131207,-37.915234]]}},{"type":"Feature","properties":{"mode":"bus","n":7,"arr":["631","703","737","802","804","862","900"],"lines":"631, 703, 737, 802, 804, 862, 900"},"geometry":{"type":"LineString","coordinates":[[145.139463,-37.916256],[145.134278,-37.915638],[145.131286,-37.915244]]}},{"type":"Feature","properties":{"mode":"bus","n":5,"arr":["631","802","804","862","900"],"lines":"631, 802, 804, 862, 900"},"geometry":{"type":"LineString","coordinates":[[145.139182,-37.916031],[145.140228,-37.916165]]}},{"type":"Feature","properties":{"mode":"bus","n":5,"arr":["631","813","814","885","978"],"lines":"631, 813, 814, 885, 978"},"geometry":{"type":"LineString","coordinates":[[145.165814,-37.934265],[145.15694,-37.933164],[145.156618,-37.93316]]}},{"type":"Feature","properties":{"mode":"bus","n":5,"arr":["631","813","814","848","978"],"lines":"631, 813, 814, 848, 978"},"geometry":{"type":"LineString","coordinates":[[145.186161,-37.936795],[145.180293,-37.936129],[145.178449,-37.935881]]}},{"type":"Feature","properties":{"mode":"bus","n":5,"arr":["631","813","814","848","978"],"lines":"631, 813, 814, 848, 978"},"geometry":{"type":"LineString","coordinates":[[145.187545,-37.936848],[145.186551,-37.936784],[145.186207,-37.936794],[145.186194,-37.936794],[145.186186,-37.936795],[145.186183,-37.936797],[145.186186,-37.936799],[145.186193,-37.936801],[145.186205,-37.936804],[145.186707,-37.936903],[145.187525,-37.936994]]}},{"type":"Feature","properties":{"mode":"bus","n":9,"arr":["631","681","682","691","813","814","848","850","862"],"lines":"631, 681, 682, 691, 813, 814, 848, 850, 862"},"geometry":{"type":"LineString","coordinates":[[145.187525,-37.936994],[145.18772,-37.935994],[145.187726,-37.935979],[145.18774,-37.935968],[145.18776,-37.935962],[145.187824,-37.935954],[145.187945,-37.935969],[145.187957,-37.935969],[145.187968,-37.935966],[145.187976,-37.935958],[145.187997,-37.935933],[145.188093,-37.93548]]}},{"type":"Feature","properties":{"mode":"bus","n":7,"arr":["631","691","813","814","848","850","862"],"lines":"631, 691, 813, 814, 848, 850, 862"},"geometry":{"type":"LineString","coordinates":[[145.188093,-37.93548],[145.188232,-37.934803],[145.188232,-37.934787],[145.188226,-37.934775],[145.188213,-37.934767],[145.188194,-37.934763],[145.188,-37.934744],[145.187974,-37.934746],[145.187957,-37.934756],[145.187948,-37.934776],[145.187725,-37.935967]]}},{"type":"Feature","properties":{"mode":"bus","n":8,"arr":["631","708","767","811","812","822","823","828"],"lines":"631, 708, 767, 811, 812, 822, 823, 828"},"geometry":{"type":"LineString","coordinates":[[145.053362,-37.958784],[145.053243,-37.958733],[145.05315,-37.958663],[145.052581,-37.957901],[145.052478,-37.957851],[145.052395,-37.957855]]}},{"type":"Feature","properties":{"mode":"bus","n":6,"arr":["663","679","680","683","685","965"],"lines":"663, 679, 680, 683, 685, 965"},"geometry":{"type":"LineString","coordinates":[[145.346554,-37.75677],[145.349098,-37.757401],[145.349721,-37.757523],[145.350054,-37.757566],[145.350383,-37.757571],[145.351795,-37.757489],[145.353336,-37.757546],[145.353998,-37.75754],[145.354771,-37.757501]]}},{"type":"Feature","properties":{"mode":"bus","n":6,"arr":["663","679","680","683","685","965"],"lines":"663, 679, 680, 683, 685, 965"},"geometry":{"type":"LineString","coordinates":[[145.354926,-37.757444],[145.354812,-37.757486],[145.354799,-37.757492],[145.354793,-37.757497],[145.354793,-37.757502],[145.354801,-37.757507],[145.354815,-37.757511],[145.354908,-37.757531]]}},{"type":"Feature","properties":{"mode":"bus","n":6,"arr":["663","693","694","695","695F","697"],"lines":"663, 693, 694, 695, 695F, 697"},"geometry":{"type":"LineString","coordinates":[[145.355296,-37.909384],[145.355386,-37.909314]]}},{"type":"Feature","properties":{"mode":"bus","n":6,"arr":["663","693","694","695","695F","697"],"lines":"663, 693, 694, 695, 695F, 697"},"geometry":{"type":"LineString","coordinates":[[145.355296,-37.909384],[145.354659,-37.909955],[145.35465,-37.909991],[145.35465,-37.91001],[145.354661,-37.910027],[145.354684,-37.910051],[145.354708,-37.910067],[145.354739,-37.910074],[145.354778,-37.910075],[145.354815,-37.910071],[145.354846,-37.910055],[145.354911,-37.910003],[145.354992,-37.90985],[145.355024,-37.909699],[145.355296,-37.909384]]}},{"type":"Feature","properties":{"mode":"bus","n":8,"arr":["663","670","677","679","680","683","685","965"],"lines":"663, 670, 677, 679, 680, 683, 685, 965"},"geometry":{"type":"LineString","coordinates":[[145.345916,-37.756739],[145.345998,-37.756674],[145.346021,-37.756661],[145.346046,-37.756656],[145.346074,-37.756659],[145.346554,-37.75677]]}},{"type":"Feature","properties":{"mode":"bus","n":6,"arr":["681","682","732","737","901","967"],"lines":"681, 682, 732, 737, 901, 967"},"geometry":{"type":"LineString","coordinates":[[145.238619,-37.869434],[145.238609,-37.869449]]}},{"type":"Feature","properties":{"mode":"bus","n":7,"arr":["664","681","682","732","737","901","967"],"lines":"664, 681, 682, 732, 737, 901, 967"},"geometry":{"type":"LineString","coordinates":[[145.238609,-37.869449],[145.238582,-37.869476],[145.238566,-37.869487],[145.238545,-37.86949],[145.238439,-37.869492],[145.237853,-37.869316]]}},{"type":"Feature","properties":{"mode":"bus","n":7,"arr":["664","681","682","732","737","901","967"],"lines":"664, 681, 682, 732, 737, 901, 967"},"geometry":{"type":"LineString","coordinates":[[145.238619,-37.869434],[145.23882,-37.869026],[145.238824,-37.869012],[145.238821,-37.869],[145.238812,-37.86899],[145.238795,-37.868983],[145.238721,-37.868961]]}},{"type":"Feature","properties":{"mode":"bus","n":12,"arr":["664","681","682","732","737","738","745","755","757","758","901","967"],"lines":"664, 681, 682, 732, 737, 738, 745, 755, 757, 758, 901, 967"},"geometry":{"type":"LineString","coordinates":[[145.237853,-37.869316],[145.237798,-37.869421]]}},{"type":"Feature","properties":{"mode":"bus","n":10,"arr":["664","681","682","732","737","738","757","758","901","967"],"lines":"664, 681, 682, 732, 737, 738, 757, 758, 901, 967"},"geometry":{"type":"LineString","coordinates":[[145.237798,-37.869421],[145.237589,-37.869778]]}},{"type":"Feature","properties":{"mode":"bus","n":9,"arr":["664","681","682","732","737","738","757","901","967"],"lines":"664, 681, 682, 732, 737, 738, 757, 901, 967"},"geometry":{"type":"LineString","coordinates":[[145.237589,-37.869778],[145.236767,-37.869509],[145.23576,-37.869212]]}},{"type":"Feature","properties":{"mode":"bus","n":9,"arr":["664","681","682","732","737","738","757","901","967"],"lines":"664, 681, 682, 732, 737, 738, 757, 901, 967"},"geometry":{"type":"LineString","coordinates":[[145.23561,-37.868947],[145.237369,-37.869521],[145.237704,-37.869414]]}},{"type":"Feature","properties":{"mode":"bus","n":7,"arr":["664","732","737","738","757","901","967"],"lines":"664, 732, 737, 738, 757, 901, 967"},"geometry":{"type":"LineString","coordinates":[[145.23576,-37.869212],[145.235082,-37.86899]]}},{"type":"Feature","properties":{"mode":"bus","n":5,"arr":["664","681","682","737","901"],"lines":"664, 681, 682, 737, 901"},"geometry":{"type":"LineString","coordinates":[[145.235082,-37.86899],[145.235173,-37.868806]]}},{"type":"Feature","properties":{"mode":"bus","n":5,"arr":["664","745","753","755","967"],"lines":"664, 745, 753, 755, 967"},"geometry":{"type":"LineString","coordinates":[[145.268329,-37.842912],[145.267995,-37.84256]]}},{"type":"Feature","properties":{"mode":"bus","n":5,"arr":["664","688","690","737","967"],"lines":"664, 688, 690, 737, 967"},"geometry":{"type":"LineString","coordinates":[[145.280626,-37.798206],[145.280544,-37.798343],[145.280497,-37.798573],[145.280511,-37.798637]]}},{"type":"Feature","properties":{"mode":"bus","n":5,"arr":["664","688","690","737","967"],"lines":"664, 688, 690, 737, 967"},"geometry":{"type":"LineString","coordinates":[[145.280634,-37.798377],[145.280626,-37.798206],[145.280688,-37.797921],[145.280634,-37.797786],[145.279069,-37.796396]]}},{"type":"Feature","properties":{"mode":"bus","n":7,"arr":["664","668","669","688","690","737","967"],"lines":"664, 668, 669, 688, 690, 737, 967"},"geometry":{"type":"LineString","coordinates":[[145.279481,-37.796132],[145.279069,-37.796396]]}},{"type":"Feature","properties":{"mode":"bus","n":5,"arr":["664","669","688","737","967"],"lines":"664, 669, 688, 737, 967"},"geometry":{"type":"LineString","coordinates":[[145.279651,-37.796044],[145.279794,-37.795985]]}},{"type":"Feature","properties":{"mode":"bus","n":6,"arr":["664","668","669","688","737","967"],"lines":"664, 668, 669, 688, 737, 967"},"geometry":{"type":"LineString","coordinates":[[145.279481,-37.796132],[145.279651,-37.796044]]}},{"type":"Feature","properties":{"mode":"bus","n":5,"arr":["664","668","688","737","967"],"lines":"664, 668, 688, 737, 967"},"geometry":{"type":"LineString","coordinates":[[145.279794,-37.795985],[145.280096,-37.795818]]}},{"type":"Feature","properties":{"mode":"bus","n":5,"arr":["664","671","672","688","689"],"lines":"664, 671, 672, 688, 689"},"geometry":{"type":"LineString","coordinates":[[145.280451,-37.795606],[145.280034,-37.795139]]}},{"type":"Feature","properties":{"mode":"bus","n":5,"arr":["664","668","671","672","689"],"lines":"664, 668, 671, 672, 689"},"geometry":{"type":"LineString","coordinates":[[145.280034,-37.795139],[145.280497,-37.794871]]}},{"type":"Feature","properties":{"mode":"bus","n":5,"arr":["664","668","671","672","689"],"lines":"664, 668, 671, 672, 689"},"geometry":{"type":"LineString","coordinates":[[145.280451,-37.795606],[145.280957,-37.795311]]}},{"type":"Feature","properties":{"mode":"bus","n":6,"arr":["664","668","670","671","672","689"],"lines":"664, 668, 670, 671, 672, 689"},"geometry":{"type":"LineString","coordinates":[[145.280497,-37.794871],[145.281184,-37.794466]]}},{"type":"Feature","properties":{"mode":"bus","n":6,"arr":["664","668","670","671","672","689"],"lines":"664, 668, 670, 671, 672, 689"},"geometry":{"type":"LineString","coordinates":[[145.281623,-37.794759],[145.281415,-37.794574]]}},{"type":"Feature","properties":{"mode":"bus","n":6,"arr":["664","668","670","671","672","689"],"lines":"664, 668, 670, 671, 672, 689"},"geometry":{"type":"LineString","coordinates":[[145.280957,-37.795311],[145.281362,-37.79508],[145.281586,-37.794848]]}},{"type":"Feature","properties":{"mode":"bus","n":5,"arr":["664","668","670","672","689"],"lines":"664, 668, 670, 672, 689"},"geometry":{"type":"LineString","coordinates":[[145.281415,-37.794574],[145.281328,-37.794505],[145.281184,-37.794466]]}},{"type":"Feature","properties":{"mode":"bus","n":6,"arr":["664","670","675","677","679","683"],"lines":"664, 670, 675, 677, 679, 683"},"geometry":{"type":"LineString","coordinates":[[145.312695,-37.758628],[145.312168,-37.758165]]}},{"type":"Feature","properties":{"mode":"bus","n":6,"arr":["664","670","675","677","679","683"],"lines":"664, 670, 675, 677, 679, 683"},"geometry":{"type":"LineString","coordinates":[[145.316427,-37.757222],[145.316327,-37.757821]]}},{"type":"Feature","properties":{"mode":"bus","n":8,"arr":["664","670","671","672","675","677","679","683"],"lines":"664, 670, 671, 672, 675, 677, 679, 683"},"geometry":{"type":"LineString","coordinates":[[145.312168,-37.758165],[145.312125,-37.758058],[145.31215,-37.757961],[145.31221,-37.757872],[145.31234,-37.75781],[145.312497,-37.75781]]}},{"type":"Feature","properties":{"mode":"bus","n":7,"arr":["664","670","671","672","675","679","683"],"lines":"664, 670, 671, 672, 675, 679, 683"},"geometry":{"type":"LineString","coordinates":[[145.312497,-37.75781],[145.312642,-37.757827]]}},{"type":"Feature","properties":{"mode":"bus","n":5,"arr":["664","670","675","679","683"],"lines":"664, 670, 675, 679, 683"},"geometry":{"type":"LineString","coordinates":[[145.312642,-37.757827],[145.312941,-37.757864],[145.313121,-37.757985],[145.313249,-37.758031],[145.31399,-37.758114],[145.314087,-37.758107],[145.314453,-37.757993],[145.314498,-37.75795],[145.314656,-37.757048],[145.314661,-37.757032],[145.314672,-37.757022],[145.314687,-37.757017],[145.314707,-37.757017],[145.316427,-37.757222]]}},{"type":"Feature","properties":{"mode":"bus","n":11,"arr":["664","681","682","732","737","738","755","757","758","901","967"],"lines":"664, 681, 682, 732, 737, 738, 755, 757, 758, 901, 967"},"geometry":{"type":"LineString","coordinates":[[145.238721,-37.868961],[145.238188,-37.868785],[145.238098,-37.868786],[145.238068,-37.868792],[145.238042,-37.868806],[145.238,-37.868842],[145.237704,-37.869414]]}},{"type":"Feature","properties":{"mode":"bus","n":5,"arr":["668","671","672","688","690"],"lines":"668, 671, 672, 688, 690"},"geometry":{"type":"LineString","coordinates":[[145.278801,-37.796052],[145.278943,-37.795809],[145.279074,-37.795662],[145.279201,-37.795564],[145.279888,-37.79522]]}},{"type":"Feature","properties":{"mode":"bus","n":7,"arr":["681","682","732","738","757","901","967"],"lines":"681, 682, 732, 738, 757, 901, 967"},"geometry":{"type":"LineString","coordinates":[[145.235173,-37.868806],[145.23561,-37.868947]]}},{"type":"Feature","properties":{"mode":"bus","n":6,"arr":["681","682","691","754","900","901"],"lines":"681, 682, 691, 754, 900, 901"},"geometry":{"type":"LineString","coordinates":[[145.233138,-37.9281],[145.233575,-37.925717],[145.235121,-37.917838]]}},{"type":"Feature","properties":{"mode":"bus","n":7,"arr":["681","682","691","754","802","804","900"],"lines":"681, 682, 691, 754, 802, 804, 900"},"geometry":{"type":"LineString","coordinates":[[145.198158,-37.923574],[145.201544,-37.924004]]}},{"type":"Feature","properties":{"mode":"bus","n":5,"arr":["681","682","691","802","900"],"lines":"681, 682, 691, 802, 900"},"geometry":{"type":"LineString","coordinates":[[145.196077,-37.923288],[145.198158,-37.923574]]}},{"type":"Feature","properties":{"mode":"bus","n":5,"arr":["681","682","691","850","862"],"lines":"681, 682, 691, 850, 862"},"geometry":{"type":"LineString","coordinates":[[145.195399,-37.923409],[145.195286,-37.923775],[145.194732,-37.926667],[145.194141,-37.929418],[145.193594,-37.932279],[145.193454,-37.932823],[145.193335,-37.93368],[145.192884,-37.935988],[145.192611,-37.937567]]}},{"type":"Feature","properties":{"mode":"bus","n":5,"arr":["681","682","691","850","862"],"lines":"681, 682, 691, 850, 862"},"geometry":{"type":"LineString","coordinates":[[145.192598,-37.93769],[145.192435,-37.937672]]}},{"type":"Feature","properties":{"mode":"bus","n":8,"arr":["681","682","691","814","848","850","862","978"],"lines":"681, 682, 691, 814, 848, 850, 862, 978"},"geometry":{"type":"LineString","coordinates":[[145.192611,-37.937567],[145.192598,-37.93769]]}},{"type":"Feature","properties":{"mode":"bus","n":8,"arr":["681","682","691","814","848","850","862","978"],"lines":"681, 682, 691, 814, 848, 850, 862, 978"},"geometry":{"type":"LineString","coordinates":[[145.192435,-37.937672],[145.19053,-37.937364],[145.187525,-37.936994]]}},{"type":"Feature","properties":{"mode":"bus","n":5,"arr":["690","691","737","753","755"],"lines":"690, 691, 737, 753, 755"},"geometry":{"type":"LineString","coordinates":[[145.284079,-37.860733],[145.28441,-37.860686],[145.284495,-37.860625],[145.28451,-37.860565],[145.284135,-37.859788]]}},{"type":"Feature","properties":{"mode":"bus","n":6,"arr":["691","814","848","850","862","978"],"lines":"691, 814, 848, 850, 862, 978"},"geometry":{"type":"LineString","coordinates":[[145.191446,-37.937391],[145.190072,-37.93716],[145.187545,-37.936848]]}},{"type":"Feature","properties":{"mode":"bus","n":5,"arr":["691","754","802","804","900"],"lines":"691, 754, 802, 804, 900"},"geometry":{"type":"LineString","coordinates":[[145.198762,-37.923489],[145.1982,-37.923404]]}},{"type":"Feature","properties":{"mode":"bus","n":5,"arr":["691","754","802","804","900"],"lines":"691, 754, 802, 804, 900"},"geometry":{"type":"LineString","coordinates":[[145.201563,-37.923859],[145.199057,-37.923534]]}},{"type":"Feature","properties":{"mode":"bus","n":9,"arr":["695F","828","835","838","841","891","895","926","981"],"lines":"695F, 828, 835, 838, 841, 891, 895, 926, 981"},"geometry":{"type":"LineString","coordinates":[[145.303145,-38.019521],[145.30314,-38.019548]]}},{"type":"Feature","properties":{"mode":"bus","n":10,"arr":["695F","828","835","838","841","842","891","895","926","981"],"lines":"695F, 828, 835, 838, 841, 842, 891, 895, 926, 981"},"geometry":{"type":"LineString","coordinates":[[145.30373,-38.019613],[145.303264,-38.019471],[145.303228,-38.01947],[145.30321,-38.019473],[145.303195,-38.019481],[145.303145,-38.019521]]}},{"type":"Feature","properties":{"mode":"bus","n":9,"arr":["695F","828","834","835","841","842","891","895","981"],"lines":"695F, 828, 834, 835, 841, 842, 891, 895, 981"},"geometry":{"type":"LineString","coordinates":[[145.303903,-38.019649],[145.303916,-38.019657]]}},{"type":"Feature","properties":{"mode":"bus","n":6,"arr":["703","737","802","804","862","900"],"lines":"703, 737, 802, 804, 862, 900"},"geometry":{"type":"LineString","coordinates":[[145.140191,-37.916343],[145.139463,-37.916256]]}},{"type":"Feature","properties":{"mode":"bus","n":7,"arr":["704","742","800","802","804","862","900"],"lines":"704, 742, 800, 802, 804, 862, 900"},"geometry":{"type":"LineString","coordinates":[[145.091791,-37.901638],[145.092028,-37.90045]]}},{"type":"Feature","properties":{"mode":"bus","n":5,"arr":["706","857","858","902","SkyBus Frankston"],"lines":"706, 857, 858, 902, SkyBus Frankston"},"geometry":{"type":"LineString","coordinates":[[145.116989,-38.053135],[145.117133,-38.053375],[145.117431,-38.05402]]}},{"type":"Feature","properties":{"mode":"bus","n":5,"arr":["708","822","823","828","SkyBus Frankston"],"lines":"708, 822, 823, 828, SkyBus Frankston"},"geometry":{"type":"LineString","coordinates":[[145.052341,-37.95778],[145.052061,-37.957399]]}},{"type":"Feature","properties":{"mode":"bus","n":5,"arr":["708","822","823","828","SkyBus Frankston"],"lines":"708, 822, 823, 828, SkyBus Frankston"},"geometry":{"type":"LineString","coordinates":[[145.051824,-37.957437],[145.052585,-37.957582]]}},{"type":"Feature","properties":{"mode":"bus","n":5,"arr":["708","811","812","825","903"],"lines":"708, 811, 812, 825, 903"},"geometry":{"type":"LineString","coordinates":[[145.065003,-37.982408],[145.06435,-37.981413],[145.064339,-37.981331],[145.06437,-37.981199]]}},{"type":"Feature","properties":{"mode":"bus","n":5,"arr":["709","813","816","824","828"],"lines":"709, 813, 816, 824, 828"},"geometry":{"type":"LineString","coordinates":[[145.175384,-37.994426],[145.175475,-37.993951]]}},{"type":"Feature","properties":{"mode":"bus","n":5,"arr":["732","733","735","765","903"],"lines":"732, 733, 735, 765, 903"},"geometry":{"type":"LineString","coordinates":[[145.123391,-37.820371],[145.123528,-37.819645]]}},{"type":"Feature","properties":{"mode":"bus","n":5,"arr":["732","737","745","755","967"],"lines":"732, 737, 745, 755, 967"},"geometry":{"type":"LineString","coordinates":[[145.247935,-37.873006],[145.245777,-37.872274],[145.242924,-37.871362],[145.237911,-37.869698],[145.237877,-37.869679],[145.237859,-37.869649],[145.237798,-37.869421]]}},{"type":"Feature","properties":{"mode":"bus","n":5,"arr":["733","800","802","804","862"],"lines":"733, 800, 802, 804, 862"},"geometry":{"type":"LineString","coordinates":[[145.12731,-37.914626],[145.126107,-37.913871],[145.125006,-37.913125],[145.122295,-37.911417]]}},{"type":"Feature","properties":{"mode":"bus","n":5,"arr":["733","800","802","804","862"],"lines":"733, 800, 802, 804, 862"},"geometry":{"type":"LineString","coordinates":[[145.122326,-37.911243],[145.126519,-37.913905]]}},{"type":"Feature","properties":{"mode":"bus","n":6,"arr":["734","736","737","742","754","967"],"lines":"734, 736, 737, 742, 754, 967"},"geometry":{"type":"LineString","coordinates":[[145.164076,-37.873975],[145.164003,-37.873969]]}},{"type":"Feature","properties":{"mode":"bus","n":6,"arr":["734","736","737","742","754","967"],"lines":"734, 736, 737, 742, 754, 967"},"geometry":{"type":"LineString","coordinates":[[145.164103,-37.874098],[145.163992,-37.874705],[145.164026,-37.874853],[145.164143,-37.875107],[145.164165,-37.875305],[145.164,-37.876224],[145.163986,-37.876439],[145.164059,-37.876765],[145.164283,-37.877204],[145.164327,-37.877379],[145.164338,-37.877575],[145.164041,-37.879222],[145.164023,-37.879557]]}},{"type":"Feature","properties":{"mode":"bus","n":6,"arr":["734","736","737","742","754","967"],"lines":"734, 736, 737, 742, 754, 967"},"geometry":{"type":"LineString","coordinates":[[145.163981,-37.874081],[145.163876,-37.874684],[145.163911,-37.874828],[145.164036,-37.875088],[145.164053,-37.875246],[145.163888,-37.876119],[145.163865,-37.876386],[145.163909,-37.876691],[145.164141,-37.877167],[145.164214,-37.877464],[145.16421,-37.87768],[145.164094,-37.878254],[145.164085,-37.878276],[145.164069,-37.878291],[145.164044,-37.878302],[145.163744,-37.878384],[145.162485,-37.878234],[145.162465,-37.878234],[145.16245,-37.878239],[145.162439,-37.878249],[145.162433,-37.878265],[145.162284,-37.879065]]}},{"type":"Feature","properties":{"mode":"bus","n":6,"arr":["736","742","753","850","885","902"],"lines":"736, 742, 753, 850, 885, 902"},"geometry":{"type":"LineString","coordinates":[[145.16404,-37.888946],[145.164088,-37.888673]]}},{"type":"Feature","properties":{"mode":"bus","n":5,"arr":["737","742","753","850","885"],"lines":"737, 742, 753, 850, 885"},"geometry":{"type":"LineString","coordinates":[[145.163334,-37.879457],[145.16329,-37.879495],[145.163263,-37.879511],[145.163231,-37.879517],[145.163146,-37.879518],[145.162285,-37.879287]]}},{"type":"Feature","properties":{"mode":"bus","n":5,"arr":["738","745","755","757","758"],"lines":"738, 745, 755, 757, 758"},"geometry":{"type":"LineString","coordinates":[[145.238097,-37.869208],[145.237977,-37.869172],[145.237951,-37.869168],[145.237931,-37.869175],[145.237917,-37.869192],[145.237853,-37.869316]]}},{"type":"Feature","properties":{"mode":"bus","n":7,"arr":["760","791","795","796","897","898","982"],"lines":"760, 791, 795, 796, 897, 898, 982"},"geometry":{"type":"LineString","coordinates":[[145.282713,-38.112939],[145.283374,-38.109483]]}},{"type":"Feature","properties":{"mode":"bus","n":5,"arr":["760","791","893","897","898"],"lines":"760, 791, 893, 897, 898"},"geometry":{"type":"LineString","coordinates":[[145.283374,-38.109483],[145.283386,-38.10923],[145.283342,-38.108752],[145.28328,-38.108425],[145.283161,-38.10802]]}},{"type":"Feature","properties":{"mode":"bus","n":9,"arr":["760","791","795","796","798","841","893","897","898"],"lines":"760, 791, 795, 796, 798, 841, 893, 897, 898"},"geometry":{"type":"LineString","coordinates":[[145.283161,-38.10802],[145.282773,-38.10723],[145.281977,-38.105897],[145.28188,-38.10566],[145.281829,-38.105442],[145.281817,-38.105125],[145.281884,-38.104688],[145.282443,-38.101753]]}},{"type":"Feature","properties":{"mode":"bus","n":9,"arr":["760","791","795","796","798","841","893","897","898"],"lines":"760, 791, 795, 796, 798, 841, 893, 897, 898"},"geometry":{"type":"LineString","coordinates":[[145.283134,-38.107545],[145.282164,-38.106001],[145.282039,-38.105669],[145.281994,-38.105355],[145.282003,-38.105035],[145.282069,-38.104495],[145.283155,-38.09889],[145.2832,-38.098486],[145.283208,-38.098103]]}},{"type":"Feature","properties":{"mode":"bus","n":7,"arr":["760","791","795","796","798","897","898"],"lines":"760, 791, 795, 796, 798, 897, 898"},"geometry":{"type":"LineString","coordinates":[[145.282443,-38.101753],[145.282329,-38.101736],[145.282305,-38.101728],[145.282291,-38.101714],[145.282289,-38.101693],[145.282348,-38.101312],[145.282347,-38.101296],[145.28234,-38.101284],[145.282327,-38.101276],[145.282308,-38.101272],[145.281928,-38.10124],[145.281761,-38.101203],[145.281042,-38.100773]]}},{"type":"Feature","properties":{"mode":"bus","n":7,"arr":["760","791","795","796","798","897","898"],"lines":"760, 791, 795, 796, 798, 897, 898"},"geometry":{"type":"LineString","coordinates":[[145.278868,-38.099444],[145.278956,-38.098927],[145.278905,-38.098787],[145.277928,-38.098062],[145.277449,-38.09781],[145.277311,-38.097709],[145.277183,-38.09755],[145.277047,-38.097274],[145.276831,-38.097019],[145.276655,-38.09694],[145.276221,-38.096885],[145.276042,-38.096923],[145.275997,-38.096974],[145.275973,-38.097063]]}},{"type":"Feature","properties":{"mode":"bus","n":7,"arr":["760","791","795","796","798","897","898"],"lines":"760, 791, 795, 796, 798, 897, 898"},"geometry":{"type":"LineString","coordinates":[[145.283202,-38.098029],[145.282517,-38.097975]]}},{"type":"Feature","properties":{"mode":"bus","n":8,"arr":["760","791","792","795","796","798","897","898"],"lines":"760, 791, 792, 795, 796, 798, 897, 898"},"geometry":{"type":"LineString","coordinates":[[145.279473,-38.099793],[145.2798,-38.09946],[145.279815,-38.099449],[145.27983,-38.099445],[145.279846,-38.099446],[145.279864,-38.099454],[145.281355,-38.100378],[145.281368,-38.100416],[145.281329,-38.100477],[145.28107,-38.100744],[145.281055,-38.100756],[145.28104,-38.10076],[145.281024,-38.100759],[145.281006,-38.100751],[145.278958,-38.099469],[145.278868,-38.099444]]}},{"type":"Feature","properties":{"mode":"bus","n":10,"arr":["760","791","795","796","798","841","893","897","898","982"],"lines":"760, 791, 795, 796, 798, 841, 893, 897, 898, 982"},"geometry":{"type":"LineString","coordinates":[[145.283208,-38.098103],[145.283202,-38.098029]]}},{"type":"Feature","properties":{"mode":"bus","n":10,"arr":["760","791","795","796","798","841","893","897","898","982"],"lines":"760, 791, 795, 796, 798, 841, 893, 897, 898, 982"},"geometry":{"type":"LineString","coordinates":[[145.284131,-38.109556],[145.283551,-38.109493]]}},{"type":"Feature","properties":{"mode":"bus","n":6,"arr":["760","791","795","796","798","841"],"lines":"760, 791, 795, 796, 798, 841"},"geometry":{"type":"LineString","coordinates":[[145.28537,-38.108233],[145.284304,-38.108104]]}},{"type":"Feature","properties":{"mode":"bus","n":6,"arr":["760","791","795","796","798","841"],"lines":"760, 791, 795, 796, 798, 841"},"geometry":{"type":"LineString","coordinates":[[145.285468,-38.109471],[145.285654,-38.108513]]}},{"type":"Feature","properties":{"mode":"bus","n":9,"arr":["760","791","795","796","798","841","897","898","981"],"lines":"760, 791, 795, 796, 798, 841, 897, 898, 981"},"geometry":{"type":"LineString","coordinates":[[145.285009,-38.109663],[145.284181,-38.109563]]}},{"type":"Feature","properties":{"mode":"bus","n":11,"arr":["760","791","795","796","798","841","893","897","898","981","982"],"lines":"760, 791, 795, 796, 798, 841, 893, 897, 898, 981, 982"},"geometry":{"type":"LineString","coordinates":[[145.284181,-38.109563],[145.284131,-38.109556]]}},{"type":"Feature","properties":{"mode":"bus","n":6,"arr":["760","791","796","897","898","982"],"lines":"760, 791, 796, 897, 898, 982"},"geometry":{"type":"LineString","coordinates":[[145.282872,-38.113071],[145.28271,-38.113059]]}},{"type":"Feature","properties":{"mode":"bus","n":6,"arr":["770","771","789","790","791","SkyBus Frankston"],"lines":"770, 771, 789, 790, 791, SkyBus Frankston"},"geometry":{"type":"LineString","coordinates":[[145.127526,-38.141634],[145.127609,-38.1414]]}},{"type":"Feature","properties":{"mode":"bus","n":17,"arr":["770","771","772","773","774","775","776","781","782","783","784","785","788","832","833","887","901"],"lines":"770, 771, 772, 773, 774, 775, 776, 781, 782, 783, 784, 785, 788, 832, 833, 887, 901"},"geometry":{"type":"LineString","coordinates":[[145.126625,-38.141343],[145.126261,-38.141862],[145.126074,-38.142178],[145.125581,-38.143129]]}},{"type":"Feature","properties":{"mode":"bus","n":16,"arr":["770","771","772","773","774","775","776","781","782","783","784","785","788","833","887","901"],"lines":"770, 771, 772, 773, 774, 775, 776, 781, 782, 783, 784, 785, 788, 833, 887, 901"},"geometry":{"type":"LineString","coordinates":[[145.125581,-38.143129],[145.125169,-38.144121],[145.125139,-38.144258],[145.125179,-38.144366]]}},{"type":"Feature","properties":{"mode":"bus","n":15,"arr":["770","771","772","773","774","775","776","781","782","783","784","785","833","887","901"],"lines":"770, 771, 772, 773, 774, 775, 776, 781, 782, 783, 784, 785, 833, 887, 901"},"geometry":{"type":"LineString","coordinates":[[145.124976,-38.14434],[145.12509,-38.144198],[145.125529,-38.143108]]}},{"type":"Feature","properties":{"mode":"bus","n":5,"arr":["771","777","789","790","791"],"lines":"771, 777, 789, 790, 791"},"geometry":{"type":"LineString","coordinates":[[145.1626,-38.154188],[145.16873,-38.155888],[145.169665,-38.156105],[145.17019,-38.156199]]}},{"type":"Feature","properties":{"mode":"bus","n":5,"arr":["771","777","789","790","791"],"lines":"771, 777, 789, 790, 791"},"geometry":{"type":"LineString","coordinates":[[145.170692,-38.156387],[145.169951,-38.156311],[145.16905,-38.156106],[145.16712,-38.1556],[145.166184,-38.155285],[145.162238,-38.154203]]}},{"type":"Feature","properties":{"mode":"bus","n":13,"arr":["772","773","774","775","776","780","781","782","783","784","785","788","887"],"lines":"772, 773, 774, 775, 776, 780, 781, 782, 783, 784, 785, 788, 887"},"geometry":{"type":"LineString","coordinates":[[145.124418,-38.144776],[145.124342,-38.14481]]}},{"type":"Feature","properties":{"mode":"bus","n":7,"arr":["772","773","775","776","782","783","887"],"lines":"772, 773, 775, 776, 782, 783, 887"},"geometry":{"type":"LineString","coordinates":[[145.123183,-38.145373],[145.123095,-38.145411],[145.123016,-38.145485],[145.122599,-38.146077]]}},{"type":"Feature","properties":{"mode":"bus","n":6,"arr":["772","775","776","782","783","887"],"lines":"772, 775, 776, 782, 783, 887"},"geometry":{"type":"LineString","coordinates":[[145.136651,-38.164008],[145.136527,-38.163618]]}},{"type":"Feature","properties":{"mode":"bus","n":7,"arr":["772","774","775","776","782","783","887"],"lines":"772, 774, 775, 776, 782, 783, 887"},"geometry":{"type":"LineString","coordinates":[[145.132588,-38.153233],[145.131451,-38.151768],[145.131084,-38.151428],[145.129379,-38.14998],[145.128871,-38.149665],[145.127549,-38.149161],[145.126837,-38.148804],[145.126661,-38.148689],[145.125604,-38.14778],[145.125224,-38.147573],[145.124597,-38.147323]]}},{"type":"Feature","properties":{"mode":"bus","n":5,"arr":["772","775","776","782","783"],"lines":"772, 775, 776, 782, 783"},"geometry":{"type":"LineString","coordinates":[[145.124597,-38.147323],[145.125035,-38.14667],[145.124993,-38.146439],[145.124898,-38.146281],[145.124892,-38.146159],[145.124882,-38.146126],[145.124854,-38.1461],[145.124687,-38.145994],[145.12323,-38.145369]]}},{"type":"Feature","properties":{"mode":"bus","n":13,"arr":["772","773","774","775","776","779","780","781","782","783","784","785","887"],"lines":"772, 773, 774, 775, 776, 779, 780, 781, 782, 783, 784, 785, 887"},"geometry":{"type":"LineString","coordinates":[[145.123141,-38.145157],[145.124653,-38.144498],[145.12482,-38.144457],[145.124943,-38.144377]]}},{"type":"Feature","properties":{"mode":"bus","n":8,"arr":["774","779","780","781","784","785","788","SkyBus Frankston"],"lines":"774, 779, 780, 781, 784, 785, 788, SkyBus Frankston"},"geometry":{"type":"LineString","coordinates":[[145.122811,-38.145141],[145.12204,-38.1448]]}},{"type":"Feature","properties":{"mode":"bus","n":5,"arr":["774","781","784","785","788"],"lines":"774, 781, 784, 785, 788"},"geometry":{"type":"LineString","coordinates":[[145.120743,-38.144316],[145.120515,-38.144704],[145.120067,-38.145352],[145.119654,-38.145872]]}},{"type":"Feature","properties":{"mode":"bus","n":5,"arr":["775","776","782","783","887"],"lines":"775, 776, 782, 783, 887"},"geometry":{"type":"LineString","coordinates":[[145.122599,-38.146077],[145.122637,-38.146147],[145.122646,-38.146306],[145.122657,-38.146337],[145.122688,-38.146359],[145.12542,-38.147558],[145.125652,-38.147693],[145.126491,-38.1484],[145.127104,-38.148803],[145.12764,-38.149075],[145.128727,-38.149468],[145.129306,-38.149791],[145.129927,-38.150288],[145.131517,-38.151659],[145.132069,-38.152264],[145.132798,-38.153233]]}},{"type":"Feature","properties":{"mode":"bus","n":6,"arr":["779","780","781","784","785","788"],"lines":"779, 780, 781, 784, 785, 788"},"geometry":{"type":"LineString","coordinates":[[145.120583,-38.144251],[145.120636,-38.144102]]}},{"type":"Feature","properties":{"mode":"bus","n":7,"arr":["795","796","798","841","893","897","898"],"lines":"795, 796, 798, 841, 893, 897, 898"},"geometry":{"type":"LineString","coordinates":[[145.283551,-38.109493],[145.283545,-38.108894],[145.283449,-38.108198],[145.283246,-38.107726],[145.283134,-38.107545]]}},{"type":"Feature","properties":{"mode":"bus","n":21,"arr":["800","802","804","811","812","813","814","828","843","844","845","848","850","857","861","862","901","978","979","981","982"],"lines":"800, 802, 804, 811, 812, 813, 814, 828, 843, 844, 845, 848, 850, 857, 861, 862, 901, 978, 979, 981, 982"},"geometry":{"type":"LineString","coordinates":[[145.209065,-37.989368],[145.209063,-37.989439],[145.209094,-37.989489]]}},{"type":"Feature","properties":{"mode":"bus","n":20,"arr":["802","804","811","812","813","814","828","843","844","845","848","850","857","861","862","901","978","979","981","982"],"lines":"802, 804, 811, 812, 813, 814, 828, 843, 844, 845, 848, 850, 857, 861, 862, 901, 978, 979, 981, 982"},"geometry":{"type":"LineString","coordinates":[[145.209094,-37.989489],[145.209172,-37.989558]]}},{"type":"Feature","properties":{"mode":"bus","n":24,"arr":["800","802","804","811","812","813","814","828","843","844","845","848","850","857","861","862","890","892","893","901","978","979","981","982"],"lines":"800, 802, 804, 811, 812, 813, 814, 828, 843, 844, 845, 848, 850, 857, 861, 862, 890, 892, 893, 901, 978, 979, 981, 982"},"geometry":{"type":"LineString","coordinates":[[145.20908,-37.989278],[145.209065,-37.989368]]}},{"type":"Feature","properties":{"mode":"bus","n":23,"arr":["800","802","804","811","813","814","828","843","844","845","848","850","857","861","862","890","892","893","901","978","979","981","982"],"lines":"800, 802, 804, 811, 813, 814, 828, 843, 844, 845, 848, 850, 857, 861, 862, 890, 892, 893, 901, 978, 979, 981, 982"},"geometry":{"type":"LineString","coordinates":[[145.209249,-37.988382],[145.20908,-37.989278]]}},{"type":"Feature","properties":{"mode":"bus","n":20,"arr":["800","802","804","811","813","814","828","843","844","845","848","850","861","862","892","893","901","978","981","982"],"lines":"800, 802, 804, 811, 813, 814, 828, 843, 844, 845, 848, 850, 861, 862, 892, 893, 901, 978, 981, 982"},"geometry":{"type":"LineString","coordinates":[[145.211285,-37.988298],[145.209691,-37.988415],[145.209249,-37.988382]]}},{"type":"Feature","properties":{"mode":"bus","n":5,"arr":["800","802","804","862","903"],"lines":"800, 802, 804, 862, 903"},"geometry":{"type":"LineString","coordinates":[[145.088736,-37.898564],[145.087872,-37.898458]]}},{"type":"Feature","properties":{"mode":"bus","n":19,"arr":["802","804","811","812","813","814","828","843","844","845","848","850","857","861","862","901","978","979","982"],"lines":"802, 804, 811, 812, 813, 814, 828, 843, 844, 845, 848, 850, 857, 861, 862, 901, 978, 979, 982"},"geometry":{"type":"LineString","coordinates":[[145.209172,-37.989558],[145.209246,-37.989599]]}},{"type":"Feature","properties":{"mode":"bus","n":16,"arr":["802","804","811","828","843","844","845","850","861","862","892","893","901","978","981","982"],"lines":"802, 804, 811, 828, 843, 844, 845, 850, 861, 862, 892, 893, 901, 978, 981, 982"},"geometry":{"type":"LineString","coordinates":[[145.215329,-37.987725],[145.214788,-37.98805],[145.214609,-37.988096],[145.211285,-37.988298]]}},{"type":"Feature","properties":{"mode":"bus","n":11,"arr":["802","804","811","843","845","850","861","862","901","978","982"],"lines":"802, 804, 811, 843, 845, 850, 861, 862, 901, 978, 982"},"geometry":{"type":"LineString","coordinates":[[145.214138,-37.985048],[145.214341,-37.987122],[145.214346,-37.987138],[145.214355,-37.987148],[145.21437,-37.987154],[145.21439,-37.987155],[145.214702,-37.987135],[145.214788,-37.987153],[145.215329,-37.987725]]}},{"type":"Feature","properties":{"mode":"bus","n":11,"arr":["802","804","811","843","845","850","861","862","901","978","982"],"lines":"802, 804, 811, 843, 845, 850, 861, 862, 901, 978, 982"},"geometry":{"type":"LineString","coordinates":[[145.214159,-37.986304],[145.214044,-37.985256],[145.213999,-37.985017],[145.213901,-37.984759]]}},{"type":"Feature","properties":{"mode":"bus","n":9,"arr":["802","804","811","843","845","850","861","862","901"],"lines":"802, 804, 811, 843, 845, 850, 861, 862, 901"},"geometry":{"type":"LineString","coordinates":[[145.214345,-37.987158],[145.214284,-37.987161],[145.214265,-37.987159],[145.214253,-37.987151],[145.214248,-37.987137],[145.214159,-37.986304]]}},{"type":"Feature","properties":{"mode":"bus","n":9,"arr":["802","804","811","843","845","861","862","901","982"],"lines":"802, 804, 811, 843, 845, 861, 862, 901, 982"},"geometry":{"type":"LineString","coordinates":[[145.213901,-37.984759],[145.214071,-37.984755],[145.214543,-37.98469]]}},{"type":"Feature","properties":{"mode":"bus","n":9,"arr":["802","804","811","843","845","861","862","901","982"],"lines":"802, 804, 811, 843, 845, 861, 862, 901, 982"},"geometry":{"type":"LineString","coordinates":[[145.214909,-37.984629],[145.215053,-37.984658]]}},{"type":"Feature","properties":{"mode":"bus","n":9,"arr":["802","804","811","843","845","861","862","901","982"],"lines":"802, 804, 811, 843, 845, 861, 862, 901, 982"},"geometry":{"type":"LineString","coordinates":[[145.214957,-37.984937],[145.21463,-37.984909],[145.214286,-37.984973],[145.214138,-37.985048]]}},{"type":"Feature","properties":{"mode":"bus","n":5,"arr":["802","804","848","862","900"],"lines":"802, 804, 848, 862, 900"},"geometry":{"type":"LineString","coordinates":[[145.180982,-37.921431],[145.164852,-37.919436]]}},{"type":"Feature","properties":{"mode":"bus","n":5,"arr":["802","804","848","862","900"],"lines":"802, 804, 848, 862, 900"},"geometry":{"type":"LineString","coordinates":[[145.164891,-37.919251],[145.17427,-37.920364],[145.18036,-37.921131]]}},{"type":"Feature","properties":{"mode":"bus","n":5,"arr":["802","804","862","885","900"],"lines":"802, 804, 862, 885, 900"},"geometry":{"type":"LineString","coordinates":[[145.16457,-37.919399],[145.158594,-37.918675]]}},{"type":"Feature","properties":{"mode":"bus","n":5,"arr":["802","804","862","885","900"],"lines":"802, 804, 862, 885, 900"},"geometry":{"type":"LineString","coordinates":[[145.159055,-37.918514],[145.164891,-37.919251]]}},{"type":"Feature","properties":{"mode":"bus","n":14,"arr":["811","812","813","828","843","845","861","890","892","893","901","978","979","981"],"lines":"811, 812, 813, 828, 843, 845, 861, 890, 892, 893, 901, 978, 979, 981"},"geometry":{"type":"LineString","coordinates":[[145.209065,-37.989368],[145.209249,-37.989484],[145.209611,-37.989574]]}},{"type":"Feature","properties":{"mode":"bus","n":14,"arr":["811","812","813","828","843","845","861","890","892","893","901","978","979","981"],"lines":"811, 812, 813, 828, 843, 845, 861, 890, 892, 893, 901, 978, 979, 981"},"geometry":{"type":"LineString","coordinates":[[145.20987,-37.989658],[145.209754,-37.989621]]}},{"type":"Feature","properties":{"mode":"bus","n":12,"arr":["811","812","813","828","861","890","892","893","901","978","979","981"],"lines":"811, 812, 813, 828, 861, 890, 892, 893, 901, 978, 979, 981"},"geometry":{"type":"LineString","coordinates":[[145.209611,-37.989574],[145.209754,-37.989621]]}},{"type":"Feature","properties":{"mode":"bus","n":15,"arr":["811","812","813","828","843","844","845","861","890","892","893","901","978","979","981"],"lines":"811, 812, 813, 828, 843, 844, 845, 861, 890, 892, 893, 901, 978, 979, 981"},"geometry":{"type":"LineString","coordinates":[[145.21049,-37.989827],[145.210321,-37.989802],[145.20987,-37.989658]]}},{"type":"Feature","properties":{"mode":"bus","n":11,"arr":["811","812","813","828","843","844","845","861","901","978","979"],"lines":"811, 812, 813, 828, 843, 844, 845, 861, 901, 978, 979"},"geometry":{"type":"LineString","coordinates":[[145.210455,-37.98991],[145.21049,-37.989827]]}},{"type":"Feature","properties":{"mode":"bus","n":5,"arr":["814","848","850","862","978"],"lines":"814, 848, 850, 862, 978"},"geometry":{"type":"LineString","coordinates":[[145.192611,-37.937567],[145.192332,-37.937541],[145.191446,-37.937391]]}},{"type":"Feature","properties":{"mode":"bus","n":5,"arr":["828","857","890","901","979"],"lines":"828, 857, 890, 901, 979"},"geometry":{"type":"LineString","coordinates":[[145.204721,-37.989736],[145.204826,-37.989574],[145.204983,-37.98943],[145.205071,-37.989378],[145.205264,-37.989319]]}},{"type":"Feature","properties":{"mode":"bus","n":5,"arr":["828","857","890","901","979"],"lines":"828, 857, 890, 901, 979"},"geometry":{"type":"LineString","coordinates":[[145.209249,-37.988382],[145.208435,-37.988264],[145.208089,-37.988245],[145.207899,-37.988254],[145.207552,-37.988321],[145.206587,-37.988715],[145.205264,-37.989319],[145.205009,-37.989507],[145.204849,-37.989771]]}},{"type":"Feature","properties":{"mode":"bus","n":8,"arr":["828","834","835","838","841","891","926","981"],"lines":"828, 834, 835, 838, 841, 891, 926, 981"},"geometry":{"type":"LineString","coordinates":[[145.302817,-38.019905],[145.302107,-38.020713],[145.300965,-38.021704]]}},{"type":"Feature","properties":{"mode":"bus","n":8,"arr":["828","834","835","838","841","891","926","981"],"lines":"828, 834, 835, 838, 841, 891, 926, 981"},"geometry":{"type":"LineString","coordinates":[[145.300734,-38.022141],[145.300605,-38.02205]]}},{"type":"Feature","properties":{"mode":"bus","n":6,"arr":["828","834","838","891","926","981"],"lines":"828, 834, 838, 891, 926, 981"},"geometry":{"type":"LineString","coordinates":[[145.302932,-38.020032],[145.302781,-38.020138],[145.302003,-38.020995],[145.301084,-38.021821]]}},{"type":"Feature","properties":{"mode":"bus","n":5,"arr":["828","838","895","926","981"],"lines":"828, 838, 895, 926, 981"},"geometry":{"type":"LineString","coordinates":[[145.312608,-38.027065],[145.310432,-38.026815]]}},{"type":"Feature","properties":{"mode":"bus","n":5,"arr":["828","838","895","926","981"],"lines":"828, 838, 895, 926, 981"},"geometry":{"type":"LineString","coordinates":[[145.312638,-38.027251],[145.31032,-38.026974]]}},{"type":"Feature","properties":{"mode":"bus","n":5,"arr":["828","836","837","838","839"],"lines":"828, 836, 837, 838, 839"},"geometry":{"type":"LineString","coordinates":[[145.343426,-38.032904],[145.343713,-38.031378],[145.343809,-38.031123]]}},{"type":"Feature","properties":{"mode":"bus","n":5,"arr":["828","836","837","838","839"],"lines":"828, 836, 837, 838, 839"},"geometry":{"type":"LineString","coordinates":[[145.343555,-38.031421],[145.343251,-38.033009]]}},{"type":"Feature","properties":{"mode":"bus","n":6,"arr":["828","834","836","837","838","839"],"lines":"828, 834, 836, 837, 838, 839"},"geometry":{"type":"LineString","coordinates":[[145.342787,-38.038126],[145.342706,-38.038019],[145.342616,-38.037578],[145.342629,-38.037213],[145.343426,-38.032904]]}},{"type":"Feature","properties":{"mode":"bus","n":6,"arr":["828","834","836","837","838","839"],"lines":"828, 834, 836, 837, 838, 839"},"geometry":{"type":"LineString","coordinates":[[145.343251,-38.033009],[145.342809,-38.035382],[145.342713,-38.036267],[145.342538,-38.037201],[145.342426,-38.038106]]}},{"type":"Feature","properties":{"mode":"bus","n":6,"arr":["828","834","836","837","838","839"],"lines":"828, 834, 836, 837, 838, 839"},"geometry":{"type":"LineString","coordinates":[[145.342417,-38.038159],[145.342989,-38.038207],[145.343358,-38.038323]]}},{"type":"Feature","properties":{"mode":"bus","n":12,"arr":["828","831","834","835","836","838","839","847","888","889","899","928"],"lines":"828, 831, 834, 835, 836, 838, 839, 847, 888, 889, 899, 928"},"geometry":{"type":"LineString","coordinates":[[145.343876,-38.038937],[145.343886,-38.03895]]}},{"type":"Feature","properties":{"mode":"bus","n":5,"arr":["828","835","838","841","926"],"lines":"828, 835, 838, 841, 926"},"geometry":{"type":"LineString","coordinates":[[145.304948,-38.025216],[145.300734,-38.022141]]}},{"type":"Feature","properties":{"mode":"bus","n":5,"arr":["828","835","838","841","926"],"lines":"828, 835, 838, 841, 926"},"geometry":{"type":"LineString","coordinates":[[145.300965,-38.021704],[145.300605,-38.02205]]}},{"type":"Feature","properties":{"mode":"bus","n":7,"arr":["831","835","847","888","889","899","928"],"lines":"831, 835, 847, 888, 889, 899, 928"},"geometry":{"type":"LineString","coordinates":[[145.342318,-38.039558],[145.342536,-38.038366],[145.34255,-38.038335],[145.342582,-38.038313],[145.342684,-38.038272],[145.342871,-38.038246],[145.34303,-38.03825],[145.343358,-38.038323]]}},{"type":"Feature","properties":{"mode":"bus","n":7,"arr":["831","835","847","888","889","899","928"],"lines":"831, 835, 847, 888, 889, 899, 928"},"geometry":{"type":"LineString","coordinates":[[145.342787,-38.038126],[145.342426,-38.038106]]}},{"type":"Feature","properties":{"mode":"bus","n":7,"arr":["831","835","847","888","889","899","928"],"lines":"831, 835, 847, 888, 889, 899, 928"},"geometry":{"type":"LineString","coordinates":[[145.341137,-38.045645],[145.342131,-38.040583]]}},{"type":"Feature","properties":{"mode":"bus","n":7,"arr":["831","835","847","888","889","899","928"],"lines":"831, 835, 847, 888, 889, 899, 928"},"geometry":{"type":"LineString","coordinates":[[145.342417,-38.038159],[145.341758,-38.04147],[145.34152,-38.042955],[145.340977,-38.045621]]}},{"type":"Feature","properties":{"mode":"bus","n":6,"arr":["831","835","847","888","889","899"],"lines":"831, 835, 847, 888, 889, 899"},"geometry":{"type":"LineString","coordinates":[[145.342131,-38.040583],[145.342318,-38.039558]]}},{"type":"Feature","properties":{"mode":"bus","n":6,"arr":["831","835","847","888","889","899"],"lines":"831, 835, 847, 888, 889, 899"},"geometry":{"type":"LineString","coordinates":[[145.341137,-38.045645],[145.340559,-38.048732]]}},{"type":"Feature","properties":{"mode":"bus","n":6,"arr":["831","835","847","888","889","899"],"lines":"831, 835, 847, 888, 889, 899"},"geometry":{"type":"LineString","coordinates":[[145.340977,-38.045621],[145.340268,-38.049231]]}},{"type":"Feature","properties":{"mode":"bus","n":5,"arr":["835","847","888","889","899"],"lines":"835, 847, 888, 889, 899"},"geometry":{"type":"LineString","coordinates":[[145.340268,-38.049231],[145.340021,-38.050403]]}},{"type":"Feature","properties":{"mode":"bus","n":5,"arr":["835","847","888","889","899"],"lines":"835, 847, 888, 889, 899"},"geometry":{"type":"LineString","coordinates":[[145.340559,-38.048732],[145.340193,-38.050663]]}},{"type":"Feature","properties":{"mode":"bus","n":6,"arr":["840","925","926","927","928","929"],"lines":"840, 925, 926, 927, 928, 929"},"geometry":{"type":"LineString","coordinates":[[145.485968,-38.080171],[145.486229,-38.080219]]}},{"type":"Feature","properties":{"mode":"bus","n":5,"arr":["840","925","926","927","929"],"lines":"840, 925, 926, 927, 929"},"geometry":{"type":"LineString","coordinates":[[145.486229,-38.080219],[145.486397,-38.079675],[145.486377,-38.079632],[145.486455,-38.079486],[145.486895,-38.078053]]}},{"type":"Feature","properties":{"mode":"bus","n":5,"arr":["843","845","862","901","982"],"lines":"843, 845, 862, 901, 982"},"geometry":{"type":"LineString","coordinates":[[145.214543,-37.98469],[145.214909,-37.984629]]}},{"type":"Feature","properties":{"mode":"bus","n":5,"arr":["843","845","862","901","982"],"lines":"843, 845, 862, 901, 982"},"geometry":{"type":"LineString","coordinates":[[145.215053,-37.984658],[145.215442,-37.984925],[145.215642,-37.985022]]}},{"type":"Feature","properties":{"mode":"bus","n":5,"arr":["843","845","862","901","982"],"lines":"843, 845, 862, 901, 982"},"geometry":{"type":"LineString","coordinates":[[145.220762,-37.985617],[145.215642,-37.985022],[145.215409,-37.985037],[145.215201,-37.985017],[145.215093,-37.984998],[145.214957,-37.984937]]}},{"type":"Feature","properties":{"mode":"bus","n":5,"arr":["863","891","893","894","982"],"lines":"863, 891, 893, 894, 982"},"geometry":{"type":"LineString","coordinates":[[145.270922,-38.017762],[145.270838,-38.018332],[145.27071,-38.018933],[145.270413,-38.019861]]}},{"type":"Feature","properties":{"mode":"bus","n":5,"arr":["863","891","893","894","982"],"lines":"863, 891, 893, 894, 982"},"geometry":{"type":"LineString","coordinates":[[145.269663,-38.023985],[145.270448,-38.019587],[145.270897,-38.017478]]}},{"type":"Feature","properties":{"mode":"bus","n":6,"arr":["863","891","892","893","894","982"],"lines":"863, 891, 892, 893, 894, 982"},"geometry":{"type":"LineString","coordinates":[[145.268863,-38.028318],[145.268856,-38.028452]]}},{"type":"Feature","properties":{"mode":"bus","n":5,"arr":["863","891","892","893","982"],"lines":"863, 891, 892, 893, 982"},"geometry":{"type":"LineString","coordinates":[[145.268856,-38.028452],[145.268229,-38.03131]]}},{"type":"Feature","properties":{"mode":"bus","n":5,"arr":["863","891","892","893","982"],"lines":"863, 891, 892, 893, 982"},"geometry":{"type":"LineString","coordinates":[[145.268019,-38.031282],[145.268301,-38.029937],[145.268599,-38.028861]]}},{"type":"Feature","properties":{"mode":"bus","n":6,"arr":["863","891","892","893","895","982"],"lines":"863, 891, 892, 893, 895, 982"},"geometry":{"type":"LineString","coordinates":[[145.268229,-38.03131],[145.268064,-38.032247],[145.267654,-38.034142],[145.267541,-38.034523],[145.26748,-38.034992],[145.267397,-38.035307],[145.267337,-38.035685]]}},{"type":"Feature","properties":{"mode":"bus","n":6,"arr":["863","891","892","893","895","982"],"lines":"863, 891, 892, 893, 895, 982"},"geometry":{"type":"LineString","coordinates":[[145.267852,-38.032232],[145.268019,-38.031282]]}},{"type":"Feature","properties":{"mode":"bus","n":7,"arr":["863","891","892","893","894","895","982"],"lines":"863, 891, 892, 893, 894, 895, 982"},"geometry":{"type":"LineString","coordinates":[[145.267337,-38.035685],[145.266874,-38.037975],[145.266654,-38.03925],[145.266511,-38.039859],[145.266348,-38.040781]]}},{"type":"Feature","properties":{"mode":"bus","n":7,"arr":["863","891","892","893","894","895","982"],"lines":"863, 891, 892, 893, 894, 895, 982"},"geometry":{"type":"LineString","coordinates":[[145.266123,-38.040756],[145.267156,-38.035766],[145.267356,-38.034561],[145.267485,-38.034047],[145.267852,-38.032232]]}},{"type":"Feature","properties":{"mode":"bus","n":6,"arr":["863","892","893","894","895","982"],"lines":"863, 892, 893, 894, 895, 982"},"geometry":{"type":"LineString","coordinates":[[145.266348,-38.040781],[145.266108,-38.042009]]}},{"type":"Feature","properties":{"mode":"bus","n":6,"arr":["863","892","893","894","895","982"],"lines":"863, 892, 893, 894, 895, 982"},"geometry":{"type":"LineString","coordinates":[[145.265882,-38.041981],[145.266123,-38.040756]]}},{"type":"Feature","properties":{"mode":"bus","n":5,"arr":["863","892","893","895","982"],"lines":"863, 892, 893, 895, 982"},"geometry":{"type":"LineString","coordinates":[[145.266108,-38.042009],[145.265063,-38.047145]]}},{"type":"Feature","properties":{"mode":"bus","n":5,"arr":["863","892","893","895","982"],"lines":"863, 892, 893, 895, 982"},"geometry":{"type":"LineString","coordinates":[[145.26474,-38.04739],[145.26516,-38.045545],[145.265882,-38.041981]]}},{"type":"Feature","properties":{"mode":"bus","n":5,"arr":["901","SkyBus","SkyBus Box Hill","SkyBus Frankston","SkyBus Sunshine"],"lines":"901, SkyBus, SkyBus Box Hill, SkyBus Frankston, SkyBus Sunshine"},"geometry":{"type":"LineString","coordinates":[[144.867333,-37.678518],[144.868298,-37.679142],[144.869485,-37.679987],[144.877764,-37.686521]]}},{"type":"Feature","properties":{"mode":"bus","n":5,"arr":["901","SkyBus","SkyBus Box Hill","SkyBus Frankston","SkyBus Sunshine"],"lines":"901, SkyBus, SkyBus Box Hill, SkyBus Frankston, SkyBus Sunshine"},"geometry":{"type":"LineString","coordinates":[[144.878228,-37.687168],[144.871939,-37.682207]]}},{"type":"Feature","properties":{"mode":"tram","n":8,"arr":["1","3","5","6","16","64","67","72"],"lines":"1, 3, 5, 6, 16, 64, 67, 72"},"geometry":{"type":"LineString","coordinates":[[144.964196,-37.798836],[144.964095,-37.799426],[144.964068,-37.799795],[144.962781,-37.807185],[144.962795,-37.807378],[144.966518,-37.815463],[144.96867,-37.820172],[144.96879,-37.820495],[144.969065,-37.821086],[144.969249,-37.821419],[144.969722,-37.822468],[144.969977,-37.823103]]}},{"type":"Feature","properties":{"mode":"tram","n":8,"arr":["1","3","5","6","16","64","67","72"],"lines":"1, 3, 5, 6, 16, 64, 67, 72"},"geometry":{"type":"LineString","coordinates":[[144.969794,-37.822538],[144.969231,-37.821295],[144.969146,-37.821053],[144.968706,-37.820164],[144.962838,-37.807385],[144.962826,-37.807143],[144.964104,-37.799797],[144.96424,-37.799206]]}},{"type":"Feature","properties":{"mode":"tram","n":5,"arr":["3","5","16","64","67"],"lines":"3, 5, 16, 64, 67"},"geometry":{"type":"LineString","coordinates":[[144.980557,-37.850034],[144.982496,-37.8554]]}},{"type":"Feature","properties":{"mode":"tram","n":5,"arr":["3","5","16","64","67"],"lines":"3, 5, 16, 64, 67"},"geometry":{"type":"LineString","coordinates":[[144.982539,-37.855406],[144.980595,-37.850024]]}},{"type":"Feature","properties":{"mode":"tram","n":6,"arr":["3","5","6","16","64","67"],"lines":"3, 5, 6, 16, 64, 67"},"geometry":{"type":"LineString","coordinates":[[144.978607,-37.844682],[144.980557,-37.850034]]}},{"type":"Feature","properties":{"mode":"tram","n":6,"arr":["3","5","6","16","64","67"],"lines":"3, 5, 6, 16, 64, 67"},"geometry":{"type":"LineString","coordinates":[[144.980595,-37.850024],[144.979789,-37.847858],[144.978652,-37.844671]]}},{"type":"Feature","properties":{"mode":"tram","n":7,"arr":["3","5","6","16","64","67","72"],"lines":"3, 5, 6, 16, 64, 67, 72"},"geometry":{"type":"LineString","coordinates":[[144.975439,-37.836107],[144.975616,-37.836477],[144.976579,-37.839078],[144.978607,-37.844682]]}},{"type":"Feature","properties":{"mode":"tram","n":7,"arr":["3","5","6","16","64","67","72"],"lines":"3, 5, 6, 16, 64, 67, 72"},"geometry":{"type":"LineString","coordinates":[[144.969977,-37.823103],[144.970169,-37.823443],[144.970963,-37.825171],[144.971246,-37.826041],[144.971412,-37.827143],[144.97127,-37.829319],[144.971399,-37.831339],[144.971507,-37.831694],[144.97201,-37.832903],[144.972132,-37.833082],[144.972275,-37.833193]]}},{"type":"Feature","properties":{"mode":"tram","n":7,"arr":["3","5","6","16","64","67","72"],"lines":"3, 5, 6, 16, 64, 67, 72"},"geometry":{"type":"LineString","coordinates":[[144.971866,-37.832325],[144.971737,-37.832131],[144.971536,-37.831687],[144.971448,-37.831419],[144.971391,-37.830996],[144.971304,-37.829157],[144.971452,-37.82726],[144.971437,-37.827021],[144.971282,-37.826036],[144.970998,-37.825162],[144.969794,-37.822538]]}},{"type":"Feature","properties":{"mode":"tram","n":7,"arr":["3","5","6","16","64","67","72"],"lines":"3, 5, 6, 16, 64, 67, 72"},"geometry":{"type":"LineString","coordinates":[[144.978652,-37.844671],[144.975606,-37.83635],[144.974854,-37.834984]]}},{"type":"Feature","properties":{"mode":"tram","n":8,"arr":["3","5","6","16","58","64","67","72"],"lines":"3, 5, 6, 16, 58, 64, 67, 72"},"geometry":{"type":"LineString","coordinates":[[144.972275,-37.833193],[144.973203,-37.833703],[144.973799,-37.833924],[144.973981,-37.834044],[144.97424,-37.834266],[144.974514,-37.834556],[144.974717,-37.834841],[144.974971,-37.83525],[144.975439,-37.836107]]}},{"type":"Feature","properties":{"mode":"tram","n":8,"arr":["3","5","6","16","58","64","67","72"],"lines":"3, 5, 6, 16, 58, 64, 67, 72"},"geometry":{"type":"LineString","coordinates":[[144.974854,-37.834984],[144.974505,-37.83449],[144.974228,-37.83421],[144.973787,-37.833841],[144.972384,-37.832926],[144.972266,-37.832814],[144.971964,-37.832417],[144.971866,-37.832325]]}},{"type":"Feature","properties":{"mode":"tram","n":5,"arr":["30","35","70","75","86"],"lines":"30, 35, 70, 75, 86"},"geometry":{"type":"LineString","coordinates":[[144.94481,-37.814584],[144.944886,-37.814761]]}},{"type":"Feature","properties":{"mode":"tram","n":5,"arr":["30","35","70","75","86"],"lines":"30, 35, 70, 75, 86"},"geometry":{"type":"LineString","coordinates":[[144.944864,-37.814803],[144.944599,-37.814195]]}},{"type":"Feature","properties":{"mode":"tram","n":5,"arr":["Belgrave","Glen Waverley","Hurstbridge","Lilydale","Mernda"],"lines":"Belgrave, Glen Waverley, Hurstbridge, Lilydale, Mernda"},"geometry":{"type":"LineString","coordinates":[[144.95357,-37.820332],[144.953821,-37.820545],[144.95424,-37.820836],[144.954472,-37.820965],[144.95487,-37.821126],[144.955207,-37.821216],[144.955566,-37.82127],[144.955884,-37.821284],[144.956295,-37.821259],[144.956841,-37.821145],[144.95722,-37.821002],[144.957485,-37.820866],[144.958395,-37.820306],[144.959067,-37.820021],[144.960585,-37.819585],[144.961057,-37.819501],[144.961498,-37.819458]]}}]}